area,facility,address,spot,entry,type,jis
η‘γ“c‹ζ,η‘γ“c‡“―’΅Ιi…“Ή‹Ηη‘γ“c‰c‹Ζj,η‘γ“c‹ζ“ΰ_“c‚Q|‚P|‚P‚Q,‚QK,–³—Ώ‚Ε——p‰Β”\,ƒ{ƒgƒ‹ƒfƒBƒXƒyƒ“ƒT[^,13101
η‘γ“c‹ζ,“ΰK’¬‰w,η‘γ“c‹ζ“ΰK’¬‚Q|‚Q|‚Rζ,ƒz[ƒ€,‰w“ΰ‚Ιέ’u,ω‚έϋ^,13101
η‘γ“c‹ζ,β–{’¬‰w,η‘γ“c‹ζ_“cβ–{’¬‚P,ƒz[ƒ€,‰w“ΰ‚Ιέ’u,ω‚έϋ^,13101
η‘γ“c‹ζ,¬μ’¬‰w,η‘γ“c‹ζ_“c¬μ’¬‚P|‚U,ƒz[ƒ€,‰w“ΰ‚Ιέ’u,ω‚έϋ^,13101
η‘γ“c‹ζ,_•Ϋ’¬‰wi“s‰cO“cόj,η‘γ“c‹ζ_“c_•Ϋ’¬‚Q|‚P,ƒz[ƒ€,‰w“ΰ‚Ιέ’u,ω‚έϋ^,13101
η‘γ“c‹ζ,_•Ϋ’¬‰wi“s‰cVhόj,η‘γ“c‹ζ_“c_•Ϋ’¬‚Q|‚V,ƒz[ƒ€,‰w“ΰ‚Ιέ’u,ω‚έϋ^,13101
η‘γ“c‹ζ,η‘γ“c‹ζ–π–{’΅Ι,η‘γ“c‹ζ‹γ’i“μ‚P|‚Q|‚P,‚Q`‚WE‚P‚OK,–³—Ώ‚Ε——p‰Β”\,ω‚έϋ^,13101
η‘γ“c‹ζ,sƒ–’J‰w,η‘γ“c‹ζ‹γ’i“μ‚S|‚W|‚Q‚Q,ƒz[ƒ€,‰w“ΰ‚Ιέ’u,ω‚έϋ^,13101
η‘γ“c‹ζ,‘εθ’¬‰w,η‘γ“c‹ζΫ‚Μ“ΰ‚P|‚R|‚Pζ,ƒz[ƒ€,‰w“ΰ‚Ιέ’u,ω‚έϋ^,13101
η‘γ“c‹ζ,“‹‘ΫƒtƒH[ƒ‰ƒ€,η‘γ“c‹ζΫ‚Μ“ΰ‚R|‚T|‚P,’nγLκ,–³—Ώ‚Ε——p‰Β”\,ƒ{ƒgƒ‹ƒfƒBƒXƒyƒ“ƒT[^,13101
η‘γ“c‹ζ,“ϊ”δ’J‰w,η‘γ“c‹ζ—Ly’¬‚P|‚P‚R|‚Pζ,ƒz[ƒ€,‰w“ΰ‚Ιέ’u,ω‚έϋ^,13101
’†‰›‹ζ,‚Η‚«‰w,’†‰›‹ζ‚Η‚«‚Q|‚P‚O|‚P‚Tζ,ƒz[ƒ€,‰w“ΰ‚Ιέ’u,ω‚έϋ^,13102
’†‰›‹ζ,•σ’¬‰w,’†‰›‹ζ‹‹΄‚Q|‚P‚R|‚P‚Pζ,ƒz[ƒ€,‰w“ΰ‚Ιέ’u,ω‚έϋ^,13102
’†‰›‹ζ,“‹βΐ‰w,’†‰›‹ζ‹βΐ‚S|‚P‚O|‚P‚Oζ,ƒz[ƒ€,‰w“ΰ‚Ιέ’u,ω‚έϋ^,13102
’†‰›‹ζ,’z’nsκ‰w,’†‰›‹ζ’z’n‚T|‚P|‚Q,ƒz[ƒ€,‰w“ΰ‚Ιέ’u,ω‚έϋ^,13102
’†‰›‹ζ,“‡‰w,’†‰›‹ζ“‡‚P|‚T|‚Sζ,ƒz[ƒ€,‰w“ΰ‚Ιέ’u,ω‚έϋ^,13102
’†‰›‹ζ,“ϊ–{‹΄‰w,’†‰›‹ζ“ϊ–{‹΄‚P|‚P‚R|‚Pζ,ƒz[ƒ€,‰w“ΰ‚Ιέ’u,ω‚έϋ^,13102
’†‰›‹ζ,l`’¬‰w,’†‰›‹ζ“ϊ–{‹΄l`’¬‚R|‚V|‚P‚R,ƒz[ƒ€,‰w“ΰ‚Ιέ’u,ω‚έϋ^,13102
’†‰›‹ζ,•l’¬‰w,’†‰›‹ζ“ϊ–{‹΄•l’¬‚Q|‚T‚X|‚R,ƒz[ƒ€,‰w“ΰ‚Ιέ’u,ω‚έϋ^,13102
’†‰›‹ζ,”n‹ς‰΅R‰w,’†‰›‹ζ“ϊ–{‹΄‰΅R’¬‚S|‚P‚R,ƒz[ƒ€,‰w“ΰ‚Ιέ’u,ω‚έϋ^,13102
’†‰›‹ζ,““ϊ–{‹΄‰w,’†‰›‹ζ““ϊ–{‹΄3-11-8ζ,ƒz[ƒ€,‰w“ΰ‚Ιέ’u,ω‚έϋ^,13102
`‹ζ,Τβ}‘Ω,`‹ζΒR‚P|‚R|‚RΒR‚P’–Ϊƒ^ƒ[‚RK,‘½–Ϊ“Iƒz[ƒ‹“ό‚θϋ‘OEΑ‰Ξπ‰΅,–³—Ώ‚Ε——p‰Β”\,ω‚έϋ^,13103
`‹ζ,Z–{–Ψ‰w,`‹ζΤβ‚X|‚V|‚R‚X,ƒz[ƒ€,‰w“ΰ‚Ιέ’u,ω‚έϋ^,13103
`‹ζ,–ƒ•z\”Τ‰w,`‹ζ–ƒ•z\”Τ‚P|‚S|‚U,ƒz[ƒ€,‰w“ΰ‚Ιέ’u,ω‚έϋ^,13103
`‹ζ,ΒRκ’–Ϊ‰w,`‹ζ–kΒR‚P|‚Q|‚S,ƒz[ƒ€,‰w“ΰ‚Ιέ’u,ω‚έϋ^,13103
`‹ζ,Ε‰Y’†‰›φ‰€‰^“®κ,`‹ζ`“μ‚P|‚S|‚P,κ“ΰ,–³—Ώ‚Ε——p‰Β”\,ω‚έϋ^,13103
`‹ζ,`“μ}‘Ω,`‹ζ`“μ‚R|‚R|‚P‚V,‚QE‚RK,–³—Ώ‚Ε——p‰Β”\,ω‚έϋ^,13103
`‹ζ,O“c‰wi“s‰cO“cόj,`‹ζΕ‚T|‚P‚W|‚W,ƒz[ƒ€,‰w“ΰ‚Ιέ’u,ω‚έϋ^,13103
`‹ζ,O“c}‘Ωi‹½“y‘—ΏΩj,`‹ζΕ‚T|‚Q‚W|‚S,‚PE‚QE‚RK,–³—Ώ‚Ε——p‰Β”\,ω‚έϋ^,13103
`‹ζ,O“c‰wi“s‰cσ‘όj,`‹ζΕ‚T|‚R‚S|‚P‚O,ƒz[ƒ€,‰w“ΰ‚Ιέ’u,ω‚έϋ^,13103
`‹ζ,`‹ΞJ•ƒ‰οΩ,`‹ζΕ‚T[‚P‚W[‚Q,‚PE‚QK—β…ν,–³—Ώ‚Ε——p‰Β”\,ω‚έϋ^,13103
`‹ζ,`‹ζƒXƒ|[ƒcƒZƒ“ƒ^[,`‹ζΕ‰Y‚P|‚P‚U|‚P‚έ‚Θ‚Ζƒp[ƒNΕ‰Y“ΰ,‚RE‚SE‚TE‚WK,–³—Ώ‚Ε——p‰Β”\,ω‚έϋ^,13103
`‹ζ,‚έ‚Θ‚Ζ}‘Ω,`‹ζΕφ‰€‚R|‚Q|‚Q‚T,’n‰Ί‚PK,–³—Ώ‚Ε——p‰Β”\,ω‚έϋ^,13103
`‹ζ,Ε‹‹…φ‰€‰^“®κ,`‹ζΕφ‰€‚R|‚U|‚V,κ“ΰ,–³—Ώ‚Ε——p‰Β”\,ω‚έϋ^,13103
`‹ζ,Εφ‰€‰w,`‹ζΕφ‰€‚S|‚W|‚P‚S,ƒz[ƒ€,‰w“ΰ‚Ιέ’u,ω‚έϋ^,13103
`‹ζ,‚—Φ‘δ‰w,`‹ζ”’‹ΰ‘δ‚Q|‚Q‚U|‚Vζ,ƒz[ƒ€,‰w“ΰ‚Ιέ’u,ω‚έϋ^,13103
`‹ζ,V‹΄‰w,`‹ζV‹΄‚Q|‚Q‚P|‚Pζ,ƒz[ƒ€,‰w“ΰ‚Ιέ’u,ω‚έϋ^,13103
`‹ζ,‚—Φ}‘Ω,`‹ζ‚—Φ‚P|‚Q‚T|‚T‚—ΦƒRƒ~ƒ…ƒeƒB[‚Υ‚η‚΄‚RK,‚RE‚SKƒtƒƒA,–³—Ώ‚Ε——p‰Β”\,ω‚έϋ^,13103
`‹ζ,ςx›‰w,`‹ζ‚—Φ‚Q|‚P‚U|‚R‚S,ƒz[ƒ€,‰w“ΰ‚Ιέ’u,ω‚έϋ^,13103
`‹ζ,δ¬–ε‰w,`‹ζΌV‹΄‚R|‚Q‚S|‚U,ƒz[ƒ€,‰w“ΰ‚Ιέ’u,ω‚έϋ^,13103
`‹ζ,‘ε–ε‰wi“s‰cσ‘όj,`‹ζ•lΌ’¬‚P|‚Q‚V|‚P‚Q,ƒz[ƒ€,‰w“ΰ‚Ιέ’u,ω‚έϋ^,13103
`‹ζ,‘ε–ε‰wi“s‰c‘ε]Λόj,`‹ζ•lΌ’¬‚Q|‚R|‚S,ƒz[ƒ€,‰w“ΰ‚Ιέ’u,ω‚έϋ^,13103
`‹ζ,Τ‰H‹΄‰w,`‹ζ“–ƒ•z‚P|‚Q‚W|‚P‚R,ƒz[ƒ€,‰w“ΰ‚Ιέ’u,ω‚έϋ^,13103
`‹ζ,¬—―‰w,`‹ζ“V‹΄‚P|‚X|‚Pζ,ƒz[ƒ€,‰w“ΰ‚Ιέ’u,ω‚έϋ^,13103
`‹ζ,…“Ή‹Η`‰c‹Ζ,`‹ζO“c‚P|‚R|‚Q‚V,‚PK,–³—Ώ‚Ε——p‰Β”\,ω‚έϋ^,13103
`‹ζ,ΒR‰^“®κ,`‹ζ“μΒR‚Q|‚Q‚P|‚P‚Q,κ“ΰ,–³—Ώ‚Ε——p‰Β”\,ω‚έϋ^,13103
`‹ζ,ΒR¶UwKΩ,`‹ζ“μΒR‚S|‚P‚X|‚V,‚QK‹‹“’Ί,–³—Ώ‚Ε——p‰Β”\,ƒ{ƒgƒ‹ƒfƒBƒXƒyƒ“ƒT[^,13103
`‹ζ,“s—§’†‰›}‘Ω,`‹ζ“μ–ƒ•z‚T[‚V[‚P‚R,‚PE‚QE‚RE‚SE‚TK,–³—Ώ‚Ε——p‰Β”\,ω‚έϋ^,13103
`‹ζ,–ƒ•z‰^“®κ,`‹ζ“μ–ƒ•z‚T|‚U|‚R‚R,κ“ΰ,–³—Ώ‚Ε——p‰Β”\,ω‚έϋ^,13103
`‹ζ,–ƒ•z}‘Ω,`‹ζZ–{–Ψ‚T|‚P‚Q|‚Q‚S,‚TK,–³—Ώ‚Ε——p‰Β”\,ω‚έϋ^,13103
Vh‹ζ,VhO’–Ϊ‰w,Vh‹ζVh‚R|‚R|‚Q,ƒz[ƒ€,‰w“ΰ‚Ιέ’u,ω‚έϋ^,13104
Vh‹ζ,Vh‹ζ–π‘ζ“ρ•’΅Ι,Vh‹ζVh‚T|‚P‚W|‚Q‚P,‚PE‚QE‚RK,–³—Ώ‚Ε——p‰Β”\,ω‚έϋ^,13104
Vh‹ζ,Vh‹ζ–π‘ζ“ρ•’΅Ι•Ω,Vh‹ζVh‚T|‚P‚W|‚Q‚P,‚PE‚QK,–³—Ώ‚Ε——p‰Β”\,ω‚έϋ^,13104
Vh‹ζ,“Vh‰w,Vh‹ζVh‚V|‚Q‚V|‚R,ƒz[ƒ€,‰w“ΰ‚Ιέ’u,ω‚έϋ^,13104
Vh‹ζ,‘—§‹£‹Zκ‰w,Vh‹ζ‰ΰƒ–‹u’¬‚P‚O|‚R,ƒz[ƒ€,‰w“ΰ‚Ιέ’u,ω‚έϋ^,13104
Vh‹ζ,Vh‹ζ–π–{’΅Ι,Vh‹ζ‰Μ•‘κ’¬‚P|‚S|‚P,‚SE‚TE‚UE‚VK,–³—Ώ‚Ε——p‰Β”\,ω‚έϋ^,13104
Vh‹ζ,’†δ‰w,Vh‹ζγ—‡‚Q|‚Q‚O|‚W,ƒz[ƒ€,‰w“ΰ‚Ιέ’u,ω‚έϋ^,13104
Vh‹ζ,αΌ‰Ν“c‰w,Vh‹ζ‰Ν“c’¬‚P‚O|‚P‚O,ƒz[ƒ€,‰w“ΰ‚Ιέ’u,ω‚έϋ^,13104
Vh‹ζ,‹΄‰w,Vh‹ζZ‹g’¬‚V|‚P,ƒz[ƒ€,‰w“ΰ‚Ιέ’u,ω‚έϋ^,13104
Vh‹ζ,‹_yβ‰w,Vh‹ζ’\y’¬‚P‚T,ƒz[ƒ€,‰w“ΰ‚Ιέ’u,ω‚έϋ^,13104
Vh‹ζ,l’J‹ζ–―ƒZƒ“ƒ^[i…“Ή‹ΗVh‰c‹Ζj,Vh‹ζ“ΰ“΅’¬‚W‚V,‚RE‚SK,–³—Ώ‚Ε——p‰Β”\,ω‚έϋ^,13104
Vh‹ζ,—‡“μ’·θ‰w,Vh‹ζΌ—‡‚R|‚P|‚P‚W,ƒz[ƒ€,‰w“ΰ‚Ιέ’u,ω‚έϋ^,13104
Vh‹ζ,VhΌϋ‰w,Vh‹ζΌVh‚P|‚R|‚P‚V,ƒz[ƒ€,‰w“ΰ‚Ιέ’u,ω‚έϋ^,13104
Vh‹ζ,“‹“s’΅‘ζ‚P–{’΅Ι,Vh‹ζΌVh‚Q|‚W|‚P,‚S‚TK@–k‘¤E“μ‘¤“W–]Ί,–³—Ώ‚Ε——p‰Β”\,ƒ{ƒgƒ‹ƒfƒBƒXƒyƒ“ƒT[^Eω‚έϋ^,13104
Vh‹ζ,“s‹c‰ο‹c–“°,Vh‹ζΌVh‚Q|‚W|‚P,‚PKƒgƒCƒ‘OE‚QK‚o‚qƒR[ƒi[E‚VK,–³—Ώ‚Ε——p‰Β”\,ω‚έϋ^,13104
Vh‹ζ,“‹“s’΅‘ζ‚Q–{’΅Ι,Vh‹ζΌVh‚Q|‚W|‚P,‚PE‚QK,–³—Ώ‚Ε——p‰Β”\,ƒ{ƒgƒ‹ƒfƒBƒXƒyƒ“ƒT[^Eω‚έϋ^,13104
Vh‹ζ,“s’΅‘O‰w,Vh‹ζΌVh‚Q|‚W|‚P,ƒz[ƒ€,‰w“ΰ‚Ιέ’u,ω‚έϋ^,13104
Vh‹ζ,ΌVhά’–Ϊ‰w,Vh‹ζΌVh‚T|‚Q‚T|‚X,ƒz[ƒ€,‰w“ΰ‚Ιέ’u,ω‚έϋ^,13104
Vh‹ζ,‹–φ’¬‰w,Vh‹ζ΄’¬‚Q|‚R‚Q,ƒz[ƒ€,‰w“ΰ‚Ιέ’u,ω‚έϋ^,13104
Vh‹ζ,Α–h–hΠ‘—ΏƒZƒ“ƒ^[,Vh‹ζl’J‚R|‚P‚O,’n‰Ί‚PE‚PE‚R`‚UE‚VE‚P‚OK,–³—Ώ‚Ε——p‰Β”\,ω‚έϋ^,13104
•¶‹‹ζ,ƒXƒ|[ƒcƒZƒ“ƒ^[,•¶‹‹ζ‘ε’Λ‚R|‚Q‚X|‚Q,‚PE‚QE‚RE‚SK,–³—Ώ‚Ε——p‰Β”\,ƒ{ƒgƒ‹ƒfƒBƒXƒyƒ“ƒT[^Eω‚έϋ^,13105
•¶‹‹ζ,‘ε’Λφ‰€W‰ο,•¶‹‹ζ‘ε’Λ‚S|‚S‚X|‚Q,‚PKƒGƒ“ƒgƒ‰ƒ“ƒX,–³—Ώ‚Ε——p‰Β”\,ω‚έϋ^,13105
•¶‹‹ζ,t“ϊ‰wi“s‰c‘ε]Λόj,•¶‹‹ζt“ϊ‚P|‚P‚U|‚P‚V,ƒz[ƒ€,‰w“ΰ‚Ιέ’u,ω‚έϋ^,13105
•¶‹‹ζ,βIμ’nζ“®ƒZƒ“ƒ^[,•¶‹‹ζ¬Ξμ‚Q|‚P‚W|‚P‚W,‚PKƒƒr[,–³—Ώ‚Ε——p‰Β”\,ω‚έϋ^,13105
•¶‹‹ζ,…“Ή‹΄‰w,•¶‹‹ζγy‚P|‚R|‚S‚Qζ,ƒz[ƒ€,‰w“ΰ‚Ιέ’u,ω‚έϋ^,13105
•¶‹‹ζ,”Ρ“c‹΄‰w,•¶‹‹ζγy‚P|‚X|‚T,ƒz[ƒ€,‰w“ΰ‚Ιέ’u,ω‚έϋ^,13105
•¶‹‹ζ,ηΞ‰w,•¶‹‹ζηΞ‚P|‚Q‚X|‚P‚R,ƒz[ƒ€,‰w“ΰ‚Ιέ’u,ω‚έϋ^,13105
•¶‹‹ζ,…“Ή‹Η•¶‹‰c‹Ζ,•¶‹‹ζΌ•Π‚Q|‚P‚U|‚Q‚R,‚QK,–³—Ώ‚Ε——p‰Β”\,ω‚έϋ^,13105
•¶‹‹ζ,”’R‰w,•¶‹‹ζ”’R‚T|‚R‚U|‚P‚O,ƒz[ƒ€,‰w“ΰ‚Ιέ’u,ω‚έϋ^,13105
•¶‹‹ζ,–{‹½O’–Ϊ‰w,•¶‹‹ζ–{‹½‚Q|‚S‚O|‚W,ƒz[ƒ€,‰w“ΰ‚Ιέ’u,ω‚έϋ^,13105
•¶‹‹ζ,“‹“s…“Ή—πjΩ,•¶‹‹ζ–{‹½‚Q|‚V|‚P,‚PKƒ‰ƒEƒ“ƒWE‚QKφ‰‘‘¤‹xe,–³—Ώ‚Ε——p‰Β”\,ƒ{ƒgƒ‹ƒfƒBƒXƒyƒ“ƒT[^Eω‚έϋ^,13105
•¶‹‹ζ,‹ζ–―ƒZƒ“ƒ^[,•¶‹‹ζ–{‹½‚S|‚P‚T|‚P‚S,‚QE‚RE‚SKi—β…νj,–³—Ώ‚Ε——p‰Β”\,ω‚έϋ^,13105
•¶‹‹ζ,t“ϊ‰wi“s‰cO“cόj,•¶‹‹ζ–{‹½‚S|‚P‚T|‚P‚U,ƒz[ƒ€,‰w“ΰ‚Ιέ’u,ω‚έϋ^,13105
‘δ“‹ζ,σ‘‹΄‰w,‘δ“‹ζσ‘‹΄‚P|‚P‚W|‚P‚P,ƒz[ƒ€,‰w“ΰ‚Ιέ’u,ω‚έϋ^,13106
•¶‹‹ζ,‘‡‘ΜηΩ,•¶‹‹ζ–{‹½‚V|‚P|‚Q,’n‰Ί‚PKA‚PKA‚QK,–³—Ώ‚Ε——p‰Β”\,ω‚έϋ^,13105
•¶‹‹ζ,‹ξ’nζ“®ƒZƒ“ƒ^[,•¶‹‹ζ–{‹ξ‚R|‚Q‚Q|‚S,‚PKƒGƒ“ƒgƒ‰ƒ“ƒX,–³—Ώ‚Ε——p‰Β”\,ω‚έϋ^,13105
•¶‹‹ζ,•¶‹‹ζ‹ΞJ•ƒ‰οΩ,•¶‹‹ζ–{‹ξ‚S|‚R‚T|‚P‚T,‚PKƒƒr[,–³—Ώ‚Ε——p‰Β”\,ω‚έϋ^,13105
•¶‹‹ζ,ό‹u’nζ“®ƒZƒ“ƒ^[,•¶‹‹ζό‹u‚P|‚Q‚O|‚W,‚PKL‰Ί,–³—Ώ‚Ε——p‰Β”\,ω‚έϋ^,13105
•¶‹‹ζ,‘ε΄’nζ“®ƒZƒ“ƒ^[,•¶‹‹ζηΞ‚P|‚S|‚R,‚PKƒƒr[,–³—Ώ‚Ε——p‰Β”\,ω‚έϋ^,13105
‘δ“‹ζ,γ–μδ“k’¬‰w,‘δ“‹ζγ–μ‚T|‚Q‚U|‚U,ƒz[ƒ€,‰w“ΰ‚Ιέ’u,ω‚έϋ^,13106
‘δ“‹ζ,“‹•¶‰»‰οΩ,‘δ“‹ζγ–μφ‰€‚T|‚S‚T,’n‰Ί‚PKE‚PE‚QE‚SKE‚SK‘—ΏΊ‘O,κ•”‚«“όκ—Ώ‚•K—v,ω‚έϋ^,13106
‘δ“‹ζ,“‹“s”όpΩ,‘δ“‹ζγ–μφ‰€‚W|‚R‚U,ƒƒr[,–³—Ώ‚Ε——p‰Β”\,ω‚έϋ^,13106
‘δ“‹ζ,‘ ‘O‰wi“s‰cσ‘όj,‘δ“‹ζ‘ ‘O‚Q|‚R|‚P,ƒz[ƒ€,‰w“ΰ‚Ιέ’u,ω‚έϋ^,13106
‘δ“‹ζ,σ‘‰w,‘δ“‹ζ‹ξ`‚P|‚P‚Q|‚P‚S,ƒz[ƒ€,‰w“ΰ‚Ιέ’u,ω‚έϋ^,13106
‘δ“‹ζ,‘ ‘O‰wi“s‰c‘ε]Λόj,‘δ“‹ζυ‚R|‚R|‚P,ƒz[ƒ€,‰w“ΰ‚Ιέ’u,ω‚έϋ^,13106
‘δ“‹ζ,Vδ“k’¬‰w,‘δ“‹ζ³σ‘‚P|‚T|‚Q,ƒz[ƒ€,‰w“ΰ‚Ιέ’u,ω‚έϋ^,13106
–n“c‹ζ,–{αΘ‹΄‰w,–n“c‹ζαΘ‹΄‚R|‚V|‚P‚Uζ,ƒz[ƒ€,‰w“ΰ‚Ιέ’u,ω‚έϋ^,13107
–n“c‹ζ,‹eμ‰w,–n“c‹ζ‹eμ‚R|‚P‚U|‚Q,ƒz[ƒ€,‰w“ΰ‚Ιέ’u,ω‚έϋ^,13107
–n“c‹ζ,…“Ή‹Η–n“c‰c‹Ζ,–n“c‹ζηΞ‚Q|‚Q|‚P‚P,‚PK,–³—Ώ‚Ε——p‰Β”\,ω‚έϋ^,13107
–n“c‹ζ,“‹“s]Λ“‹”•¨Ω,–n“c‹ζ‰΅–Τ‚P|‚S|‚P,‚PK‹~μΊ‰΅E‚RE‚VKE‚TK,κ•”“όκ—Ώ‚•K—v,ω‚έϋ^,13107
–n“c‹ζ,—Ό‘‰w,–n“c‹ζ‰΅–Τ‚P|‚S|‚Q‚X,ƒz[ƒ€,‰w“ΰ‚Ιέ’u,ω‚έϋ^,13107
]“‹ζ,—L–ΎƒXƒ|[ƒcƒZƒ“ƒ^[,]“‹ζ—L–Ύ‚Q|‚R|‚T,‚`“‚VKE‚a“‚RK,–³—Ώ‚Ε——p‰Β”\,ƒ{ƒgƒ‹ƒfƒBƒXƒyƒ“ƒT[^Eω‚έϋ^,13108
]“‹ζ,“‹“s…‚Μ‰ΘwΩ,]“‹ζ—L–Ύ‚R|‚P|‚W,‚PE‚QE‚RKƒGƒƒx[ƒ^[‘O,–³—Ώ‚Ε——p‰Β”\,ƒ{ƒgƒ‹ƒfƒBƒXƒyƒ“ƒT[^Eω‚έϋ^,13108
]“‹ζ,[μ“μ•”•Ϋ’‘’k,]“‹ζ}μ‚P|‚W|‚P‚T|‚P‚O‚Q,‚PK,–³—Ώ‚Ε——p‰Β”\,ω‚έϋ^,13108
]“‹ζ,[μƒXƒ|[ƒcƒZƒ“ƒ^[,]“‹ζ‰z’†“‡‚P|‚Q|‚P‚W@,‚PE‚QE‚RE‚SK,–³—Ώ‚Ε——p‰Β”\,ƒ{ƒgƒ‹ƒfƒBƒXƒyƒ“ƒT[^Eω‚έϋ^,13108
]“‹ζ,¬Ό‹΄o’£E‹ζ–―Ω,]“‹ζξ‹΄‚Q|‚P|‚T,‚QK,–³—Ώ‚Ε——p‰Β”\,ω‚έϋ^,13108
]“‹ζ,’j—‹¤“―Q‰ζ„iƒZƒ“ƒ^[,]“‹ζξ‹΄‚R|‚Q‚Q|‚Q,‚PE‚RK,–³—Ώ‚Ε——p‰Β”\,ω‚έϋ^,13108
]“‹ζ,Ό‘ε“‡‰w,]“‹ζ‘ε“‡‚Q|‚S‚P|‚P‚X,ƒz[ƒ€,‰w“ΰ‚Ιέ’u,ω‚έϋ^,13108
]“‹ζ,‘ε“‡‰w,]“‹ζ‘ε“‡‚T|‚P‚O|‚W,ƒz[ƒ€,‰w“ΰ‚Ιέ’u,ω‚έϋ^,13108
]“‹ζ,]“‹ζ@‘ε“‡™“¶Ω,]“‹ζ‘ε“‡‚V|‚Q‚W|‚P|‚P‚O‚S,‚PK,–³—Ώ‚Ε——p‰Β”\,ω‚έϋ^,13108
]“‹ζ,“‘ε“‡‰w,]“‹ζ‘ε“‡‚X|‚R|‚P‚S,ƒz[ƒ€,‰w“ΰ‚Ιέ’u,ω‚έϋ^,13108
]“‹ζ,]“‹ζ‹TΛ–μ‹…κ’λ‹…κ,]“‹ζ‹TΛ‚Q|‚U|‚T‚O,γK,–³—Ώ‚Ε——p‰Β”\,ω‚έϋ^,13108
]“‹ζ,‹TΛ™“¶Ω,]“‹ζ‹TΛ‚Q|‚P|‚P‚X,‚PK,–³—Ώ‚Ε——p‰Β”\,ω‚έϋ^,13108
]“‹ζ,‹TΛ‘ζO™“¶Ω,]“‹ζ‹TΛ‚V|‚R‚X|‚X,‚RK,–³—Ώ‚Ε——p‰Β”\,ω‚έϋ^,13108
]“‹ζ,‹TΛƒXƒ|[ƒcƒZƒ“ƒ^[,]“‹ζ‹TΛ‚W|‚Q‚Q|‚P,’n‰Ί‚PKE‚PE‚QE‚RK,–³—Ώ‚Ε——p‰Β”\,ω‚έϋ^,13108
]“‹ζ,ƒXƒ|[ƒc‰οΩ,]“‹ζ–k»‚P|‚Q|‚X,‚PE‚QE‚RK,–³—Ώ‚Ε——p‰Β”\,ƒ{ƒgƒ‹ƒfƒBƒXƒyƒ“ƒT[^Eω‚έϋ^,13108
]“‹ζ,»’¬o’£E‹ζ–―Ω,]“‹ζ–k»‚S|‚V|‚R,‚PK,–³—Ώ‚Ε——p‰Β”\,ω‚έϋ^,13108
]“‹ζ,‰–•l™“¶Ω,]“‹ζ‰–•l‚Q|‚T|‚Q‚O,‚QK,–³—Ώ‚Ε——p‰Β”\,ω‚έϋ^,13108
]“‹ζ,]“‹ζ’©–μ‹…κ’λ‹…κ,]“‹ζ’©‚P|‚P|‚P,‚PK,–³—Ώ‚Ε——p‰Β”\,ω‚έϋ^,13108
]“‹ζ,]“‹ζΒ‹«wKξ•ρΩ,]“‹ζ’©‚P[‚Q‚X|‚V,‚QK,–³—Ώ‚Ε——p‰Β”\,ω‚έϋ^,13108
]“‹ζ,“‰_™“¶Ω,]“‹ζ“‰_‚Q|‚S|‚S|‚P‚O‚Q,‚PK,–³—Ώ‚Ε——p‰Β”\,ω‚έϋ^,13108
]“‹ζ,΄”’‰Ν‰w,]“‹ζ”’‰Ν‚P|‚V|‚P‚S,ƒz[ƒ€,‰w“ΰ‚Ιέ’u,ω‚έϋ^,13108
]“‹ζ,…“Ή‹Η“•”‘ζκx,]“‹ζV»‚P|‚V|‚Q,‚PK,–³—Ώ‚Ε——p‰Β”\,ω‚έϋ^,13108
]“‹ζ,]“‰^“]–Ζ‹–±κ,]“‹ζV»‚P|‚V|‚Q‚S,‚PE‚QE‚RE‚TKƒƒr[,–³—Ώ‚Ε——p‰Β”\,ω‚έϋ^,13108
]“‹ζ,]“‹ζV»‰^“®κ,]“‹ζV»‚R|‚X|‚Pi»’¬…Δ¶ƒZƒ“ƒ^[“ΰj,‚PK,–³—Ώ‚Ε——p‰Β”\,ƒ{ƒgƒ‹ƒfƒBƒXƒyƒ“ƒT[^Eω‚έϋ^,13108
]“‹ζ,Z‹g‰w,]“‹ζZ‹g‚Q|‚Q‚R|‚P‚Q,ƒz[ƒ€,‰w“ΰ‚Ιέ’u,ω‚έϋ^,13108
]“‹ζ,“‹’C–¤‘Ϋ…‰jκ,]“‹ζ’C–¤‚Q|‚W|‚P‚O,‚PKK’i,–³—Ώ‚Ε——p‰Β”\,ω‚έϋ^,13108
]“‹ζ,]“‹ζ’NƒZƒ“ƒ^[,]“‹ζ“—z‚Q|‚P|‚P,‚QE‚SK,–³—Ώ‚Ε——p‰Β”\,ω‚έϋ^,13108
]“‹ζ,‚—ξ‘‡•ƒƒZƒ“ƒ^[,]“‹ζ“—z‚U|‚Q|‚P‚V,‚PE‚QE‚RK,–³—Ώ‚Ε——p‰Β”\,ω‚έϋ^,13108
]“‹ζ,]“‹ζ–π,]“‹ζ“—z‚S|‚P‚P|‚Q‚W,‚Q`‚XK,–³—Ώ‚Ε——p‰Β”\,ω‚έϋ^,13108
]“‹ζ,]“‹ζ–LZ’λ‹…κ,]“‹ζ“—z‚U|‚P|‚P‚R,‚PK,–³—Ώ‚Ε——p‰Β”\,ƒ{ƒgƒ‹ƒfƒBƒXƒyƒ“ƒT[^Eω‚έϋ^,13108
]“‹ζ,•x‰o’£E‹ζ–―Ω,]“‹ζ•x‰‚P|‚P‚U|‚P‚Q,‚PK,–³—Ώ‚Ε——p‰Β”\,ω‚έϋ^,13108
]“‹ζ,[μ’λ‹…κ,]“‹ζ•x‰‚P|‚P‚V|‚X,Η—––±,“όκ—Ώ‚•K—v,ƒ{ƒgƒ‹ƒfƒBƒXƒyƒ“ƒT[^,13108
]“‹ζ,]“‹ζ“»’λ‹…κ,]“‹ζ“»‚P|‚Q|‚P‚R,‚PK,–³—Ώ‚Ε——p‰Β”\,ƒ{ƒgƒ‹ƒfƒBƒXƒyƒ“ƒT[^Eω‚έϋ^,13108
]“‹ζ,“»‘ζ“ρ™“¶Ω,]“‹ζ“»‚Q|‚P‚R|‚P‚R,‚QE‚RK,–³—Ώ‚Ε——p‰Β”\,ω‚έϋ^,13108
]“‹ζ,]“‹ζrμ»’¬’λ‹…κ,]“‹ζ“»‚R|‚Q‚W|‚P‚R,‚PK,–³—Ώ‚Ε——p‰Β”\,ƒ{ƒgƒ‹ƒfƒBƒXƒyƒ“ƒT[^Eω‚έϋ^,13108
]“‹ζ,“»ƒXƒ|[ƒcƒZƒ“ƒ^[,]“‹ζ“»‚S|‚Q‚S|‚P,’n‰Ί‚PKE‚QK,–³—Ώ‚Ε——p‰Β”\,ƒ{ƒgƒ‹ƒfƒBƒXƒyƒ“ƒT[^Eω‚έϋ^,13108
]“‹ζ,[μ–kƒXƒ|[ƒcƒZƒ“ƒ^[,]“‹ζ•½–μ‚R|‚Q|‚Q‚O,‚PE‚QK,–³—Ώ‚Ε——p‰Β”\,ƒ{ƒgƒ‹ƒfƒBƒXƒyƒ“ƒT[^Eω‚έϋ^,13108
]“‹ζ,“μ»™“¶Ω,]“‹ζ“μ»‚Q|‚R|‚P‚V,‚PK,–³—Ώ‚Ε——p‰Β”\,ω‚έϋ^,13108
]“‹ζ,“‹“s»‘γ”όpΩ,]“‹ζOD‚S|‚P|‚P,’n‰Ί‚QKE’n‰Ί‚PKE‚PE‚QE‚RK,κ•”“όκ—Ώ‚•K—v,ω‚έϋ^,13108
]“‹ζ,X‰Ί‰wi“s‰cVhόj,]“‹ζX‰Ί‚P|‚P‚R|‚P‚O,ƒz[ƒ€,‰w“ΰ‚Ιέ’u,ω‚έϋ^,13108
]“‹ζ,X‰Ί‰wi“s‰c‘ε]Λόj,]“‹ζX‰Ί‚Q|‚P‚V|‚P‚V,ƒz[ƒ€,‰w“ΰ‚Ιέ’u,ω‚έϋ^,13108
]“‹ζ,–ε‘O’‡’¬‰w,]“‹ζ–ε‘O’‡’¬‚Q|‚T|‚Qζ,ƒz[ƒ€,‰w“ΰ‚Ιέ’u,ω‚έϋ^,13108
]“‹ζ,]“‹ζ–²‚Μ“‡–μ‹…κ,]“‹ζ–²‚Μ“‡‚P|‚P|‚P,‚PK,–³—Ώ‚Ε——p‰Β”\,ƒ{ƒgƒ‹ƒfƒBƒXƒyƒ“ƒT[^Eω‚έϋ^,13108
]“‹ζ,]“‹ζ–²‚Μ“‡‹£‹Zκ,]“‹ζ–²‚Μ“‡‚P|‚P|‚Q,‚PK,–³—Ώ‚Ε——p‰Β”\,ƒ{ƒgƒ‹ƒfƒBƒXƒyƒ“ƒT[^Eω‚έϋ^,13108
]“‹ζ,–²‚Μ“‡”M‘ΡA•¨Ω,]“‹ζ–²‚Μ“‡‚Q|‚P|‚Q,ƒGƒ“ƒgƒ‰ƒ“ƒXEƒJƒtƒF,–³—Ώ‚Ε——p‰Β”\,ƒ{ƒgƒ‹ƒfƒBƒXƒyƒ“ƒT[^Eω‚έϋ^,13108
•iμ‹ζ,‰`΄‹ζ–―ƒZƒ“ƒ^[,•iμ‹ζ‰`΄‚T[‚U[‚T,‚PKƒƒr[,–³—Ώ‚Ε——p‰Β”\,ω‚έϋ^,13109
•iμ‹ζ,κ–{‹΄™“¶ƒZƒ“ƒ^[,•iμ‹ζ‘εδ‚Q|‚Q‚T|‚P,™“¶ƒZƒ“ƒ^[“ΰ,–³—Ώ‚Ε——p‰Β”\,ω‚έϋ^,13109
•iμ‹ζ,‘εδ‘q“c™“¶ƒZƒ“ƒ^[,•iμ‹ζ‘εδ‚S|‚P‚P|‚R‚S,™“¶ƒZƒ“ƒ^[“ΰ,–³—Ώ‚Ε——p‰Β”\,ω‚έϋ^,13109
•iμ‹ζ,‘κ‰¤q™“¶ƒZƒ“ƒ^[,•iμ‹ζ‘εδ‚T|‚P‚X|‚P‚S,™“¶ƒZƒ“ƒ^[“ΰ,–³—Ώ‚Ε——p‰Β”\,ω‚έϋ^,13109
•iμ‹ζ,‘εδ}‘Ω,•iμ‹ζ‘εδ‚T|‚P‚X|‚P‚S,‚PK}‘Ω“ΰ,–³—Ώ‚Ε——p‰Β”\,ω‚έϋ^,13109
•iμ‹ζ,‘εθ}‘Ω•Ω,•iμ‹ζ‘εθ‚R|‚P‚Q|‚Q‚Q,’n‰Ί‚PK}‘Ω“ΰ,–³—Ώ‚Ε——p‰Β”\,ω‚έϋ^,13109
•iμ‹ζ,•iμ}‘Ω,•iμ‹ζ–k•iμ‚Q|‚R‚Q|‚R,‚SK}‘Ω“ΰ,–³—Ώ‚Ε——p‰Β”\,ω‚έϋ^,13109
•iμ‹ζ,–k•iμ™“¶ƒZƒ“ƒ^[,•iμ‹ζ–k•iμ‚Q|‚V|‚Q‚P,™“¶ƒZƒ“ƒ^[“ΰ,–³—Ώ‚Ε——p‰Β”\,ω‚έϋ^,13109
•iμ‹ζ,‘εθ}‘Ω,•iμ‹ζ–k•iμ‚T|‚Q|‚P,‚QK}‘Ω“ΰ,–³—Ώ‚Ε——p‰Β”\,ω‚έϋ^,13109
•iμ‹ζ,¬Φ™“¶ƒZƒ“ƒ^[,•iμ‹ζ–k•iμ‚T|‚W|‚P‚T,™“¶ƒZƒ“ƒ^[“ΰ,–³—Ώ‚Ε——p‰Β”\,ω‚έϋ^,13109
•iμ‹ζ,’†΄™“¶ƒZƒ“ƒ^[,•iμ‹ζ¬R‚P|‚S|‚P,™“¶ƒZƒ“ƒ^[“ΰ,–³—Ώ‚Ε——p‰Β”\,ω‚έϋ^,13109
•iμ‹ζ,γ’n™“¶ƒZƒ“ƒ^[,•iμ‹ζ¬R‚Q|‚X|‚P‚X,™“¶ƒZƒ“ƒ^[“ΰ,–³—Ώ‚Ε——p‰Β”\,ω‚έϋ^,13109
•iμ‹ζ,Λ‰z‰w,•iμ‹ζΛ‰z‚R|‚S|‚P‚V,ƒz[ƒ€,‰w“ΰ‚Ιέ’u,ω‚έϋ^,13109
•iμ‹ζ,‘ε΄™“¶ƒZƒ“ƒ^[,•iμ‹ζΛ‰z‚U|‚P‚U|‚P,™“¶ƒZƒ“ƒ^[“ΰ,–³—Ώ‚Ε——p‰Β”\,ω‚έϋ^,13109
•iμ‹ζ,‚δ‚½‚©}‘Ω,•iμ‹ζ–L’¬‚P|‚P‚V|‚V,‚PE‚QK}‘Ω“ΰ,–³—Ώ‚Ε——p‰Β”\,ω‚έϋ^,13109
•iμ‹ζ,‰`΄•¶‰»ƒZƒ“ƒ^[,•iμ‹ζ’†‰„‚P|‚X|‚P‚T,‚QK,–³—Ώ‚Ε——p‰Β”\,ω‚έϋ^,13109
•iμ‹ζ,Ή‘O}‘Ω,•iμ‹ζ’†‰„‚S|‚P‚S|‚P‚V,‚RK}‘Ω“ΰ,–³—Ώ‚Ε——p‰Β”\,ω‚έϋ^,13109
•iμ‹ζ,Ι“΅™“¶ƒZƒ“ƒ^[,•iμ‹ζΌ‘εδ‚U|‚P‚R|‚P,™“¶ƒZƒ“ƒ^[“ΰ,–³—Ώ‚Ε——p‰Β”\,ω‚έϋ^,13109
•iμ‹ζ,•ym©‘δ™“¶ƒZƒ“ƒ^[,•iμ‹ζΌ‘εδ‚U|‚P|‚W,™“¶ƒZƒ“ƒ^[“ΰ,–³—Ώ‚Ε——p‰Β”\,ω‚έϋ^,13109
•iμ‹ζ,ά”½“c}‘Ω,•iμ‹ζΌά”½“c‚U|‚T|‚P,‚QK}‘Ω“ΰ,–³—Ώ‚Ε——p‰Β”\,ω‚έϋ^,13109
•iμ‹ζ,Oƒc–Ψ™“¶ƒZƒ“ƒ^[,•iμ‹ζΌ•iμ‚Q|‚U|‚P‚R,™“¶ƒZƒ“ƒ^[“ΰ,–³—Ώ‚Ε——p‰Β”\,ω‚έϋ^,13109
•iμ‹ζ,’†‰„™“¶ƒZƒ“ƒ^[,•iμ‹ζΌ’†‰„‚P|‚U|‚P‚U,™“¶ƒZƒ“ƒ^[“ΰ,–³—Ώ‚Ε——p‰Β”\,ω‚έϋ^,13109
•iμ‹ζ,…“Ή‹Η•iμ‰c‹Ζ,•iμ‹ζΌ’†‰„‚P|‚X|‚P‚O,‚PK,–³—Ώ‚Ε——p‰Β”\,ω‚έϋ^,13109
•iμ‹ζ,Ό’†‰„™“¶ƒZƒ“ƒ^[,•iμ‹ζΌ’†‰„‚R|‚W|‚T,™“¶ƒZƒ“ƒ^[“ΰ,–³—Ώ‚Ε——p‰Β”\,ω‚έϋ^,13109
•iμ‹ζ,ψ‚Μ‘δ™“¶ƒZƒ“ƒ^[,•iμ‹ζψ‚Μ‘δ‚T|‚P‚X|‚T,™“¶ƒZƒ“ƒ^[“ΰ,–³—Ώ‚Ε——p‰Β”\,ω‚έϋ^,13109
•iμ‹ζ,“‘εδ™“¶ƒZƒ“ƒ^[,•iμ‹ζ“‘εδ‚P|‚Q‚Q|‚P‚U,™“¶ƒZƒ“ƒ^[“ΰ,–³—Ώ‚Ε——p‰Β”\,ω‚έϋ^,13109
•iμ‹ζ,ά”½“c‰w,•iμ‹ζ“ά”½“c‚P|‚Q‚U|‚Q,ƒz[ƒ€,‰w“ΰ‚Ιέ’u,ω‚έϋ^,13109
•iμ‹ζ,‘‡‘ΜηΩ,•iμ‹ζ“ά”½“c‚Q|‚P‚P|‚Q,’n‰Ί‚QK,–³—Ώ‚Ε——p‰Β”\,ω‚έϋ^,13109
•iμ‹ζ,“ά”½“c™“¶ƒZƒ“ƒ^[,•iμ‹ζ“ά”½“c‚T|‚Q‚S|‚P,™“¶ƒZƒ“ƒ^[“ΰ,–³—Ώ‚Ε——p‰Β”\,ω‚έϋ^,13109
•iμ‹ζ,“•iμ™“¶ƒZƒ“ƒ^[,•iμ‹ζ“•iμ‚P|‚R‚S|‚X,™“¶ƒZƒ“ƒ^[“ΰ,–³—Ώ‚Ε——p‰Β”\,ω‚έϋ^,13109
•iμ‹ζ,“V‰¤Fφ‰€,•iμ‹ζ“•iμ‚Q|‚T|‚S‚Q`‚Q|‚U|‚Q‚R,ƒNƒ‰ƒuƒnƒEƒX‚PKƒƒr[,–³—Ώ‚Ε——p‰Β”\,ω‚έϋ^,13109
•iμ‹ζ,“’†‰„™“¶ƒZƒ“ƒ^[,•iμ‹ζ“’†‰„‚Q|‚T|‚P‚O,™“¶ƒZƒ“ƒ^[“ΰ,–³—Ώ‚Ε——p‰Β”\,ω‚έϋ^,13109
•iμ‹ζ,’†‰„‰w,•iμ‹ζ“’†‰„‚Q|‚X|‚P‚Q,ƒz[ƒ€,‰w“ΰ‚Ιέ’u,ω‚έϋ^,13109
•iμ‹ζ,•½’Λ™“¶ƒZƒ“ƒ^[,•iμ‹ζ•½’Λ‚Q|‚Q|‚R,™“¶ƒZƒ“ƒ^[“ΰ,–³—Ώ‚Ε——p‰Β”\,ω‚έϋ^,13109
•iμ‹ζ,“ρ—t}‘Ω,•iμ‹ζ“ρ—t‚P|‚S|‚Q‚T,‚QK}‘Ω“ΰ,–³—Ώ‚Ε——p‰Β”\,ω‚έϋ^,13109
•iμ‹ζ,“μ‘εδ™“¶ƒZƒ“ƒ^[,•iμ‹ζ“μ‘εδ‚R|‚V|‚P‚R,™“¶ƒZƒ“ƒ^[“ΰ,–³—Ώ‚Ε——p‰Β”\,ω‚έϋ^,13109
•iμ‹ζ,“μ‘εδ}‘Ω,•iμ‹ζ“μ‘εδ‚R|‚V|‚P‚R,‚SK}‘Ω“ΰ,–³—Ώ‚Ε——p‰Β”\,ω‚έϋ^,13109
•iμ‹ζ,…_™“¶ƒZƒ“ƒ^[,•iμ‹ζ“μ‘εδ‚T|‚P‚R|‚P‚X,™“¶ƒZƒ“ƒ^[“ΰ,–³—Ώ‚Ε——p‰Β”\,ω‚έϋ^,13109
•iμ‹ζ,“μ•iμ™“¶ƒZƒ“ƒ^[,•iμ‹ζ“μ•iμ‚S|‚T|‚Q‚W,™“¶ƒZƒ“ƒ^[“ΰ,–³—Ώ‚Ε——p‰Β”\,ω‚έϋ^,13109
•iμ‹ζ,”’™“¶ƒZƒ“ƒ^[,•iμ‹ζ”’‚T|‚P‚O|‚Q‚V,™“¶ƒZƒ“ƒ^[“ΰ,–³—Ώ‚Ε——p‰Β”\,ω‚έϋ^,13109
•iμ‹ζ,‚δ‚½‚©™“¶ƒZƒ“ƒ^[,•iμ‹ζ–L’¬‚P|‚P‚W|‚P‚T,™“¶ƒZƒ“ƒ^[“ΰ,–³—Ώ‚Ε——p‰Β”\,ω‚έϋ^,13109
•iμ‹ζ,Λ‰z‘ΜηΩ,•iμ‹ζ–L’¬‚Q|‚P|‚P‚V,‚PKƒƒr[E‚QK,–³—Ώ‚Ε——p‰Β”\,ω‚έϋ^,13109
•iμ‹ζ,“μ‚δ‚½‚©™“¶ƒZƒ“ƒ^[,•iμ‹ζ–L’¬‚S|‚P‚V|‚Q‚P,™“¶ƒZƒ“ƒ^[“ΰ,–³—Ώ‚Ε——p‰Β”\,ω‚έϋ^,13109
•iμ‹ζ,”’}‘Ω,•iμ‹ζ”’‚T|‚P‚O|‚Q‚V,‚RK}‘Ω“ΰ,–³—Ώ‚Ε——p‰Β”\,ω‚έϋ^,13109
–Ϊ•‹ζ,–Ϊ•‹ζ‘‡’΅Ι,–Ϊ•‹ζγ–Ϊ•‚Q|‚P‚X|‚P‚T,–{Ω‚PE‚QE‚RKA•ΚΩ‚QK,–³—Ώ‚Ε——p‰Β”\,ω‚έϋ^,13110
–Ϊ•‹ζ,’†‰›’¬‚³‚­‚ηƒvƒ‰ƒU,–Ϊ•‹ζ’†‰›’¬‚Q|‚S|‚P‚W,‚PKƒƒr[,–³—Ώ‚Ε——p‰Β”\,ω‚έϋ^,13110
–Ϊ•‹ζ,…“Ή‹Η–Ϊ•‰c‹Ζ,–Ϊ•‹ζ’†’¬‚Q|‚S‚R|‚P‚W,‚PK,–³—Ώ‚Ε——p‰Β”\,ω‚έϋ^,13110
–Ϊ•‹ζ,“RΠ‰ο‹³ηΩ,–Ϊ•‹ζ“R‚R|‚Q‚S|‚Q,‚QKƒƒr[,–³—Ώ‚Ε——p‰Β”\,ω‚έϋ^,13110
–Ϊ•‹ζ,”θ•¶’J‘ΜηΩ,–Ϊ•‹ζ”θ•¶’J‚U|‚P‚Q|‚S‚R,‚PK‘ΜηΊϋƒz[ƒ‹,–³—Ώ‚Ε——p‰Β”\,ƒ{ƒgƒ‹ƒfƒBƒXƒyƒ“ƒT[^Eω‚έϋ^,13110
–Ϊ•‹ζ,—Ξ‚‹u•¶‰»‰οΩ,–Ϊ•‹ζ—Ξ‚‹u‚Q|‚P‚S|‚Q‚R,‚PE‚QE‚RK,–³—Ώ‚Ε——p‰Β”\,ω‚έϋ^,13110
–Ϊ•‹ζ,—Ξ‚‹u•¶‰»‰οΩ•ΚΩ,–Ϊ•‹ζ—Ξ‚‹u‚Q|‚V|‚Q‚O,‚PE‚QK,–³—Ώ‚Ε——p‰Β”\,ω‚έϋ^,13110
–Ϊ•‹ζ,–Ϊ•‹ζ–―ƒZƒ“ƒ^[Π‰ο‹³ηΩ,–Ϊ•‹ζ–Ϊ•‚Q|‚S|‚R‚U,‚UK,–³—Ώ‚Ε——p‰Β”\,ω‚έϋ^,13110
–Ϊ•‹ζ,–Ϊ•‹ζ–―ƒZƒ“ƒ^[‘ΜηΩ,–Ϊ•‹ζ–Ϊ•‚Q|‚S|‚R‚U,‚PKƒgƒ[ƒjƒ“ƒOΊE‚RKƒƒr[E’n‰Ίƒv[ƒ‹,“όκ—Ώ‚•K—v,ω‚έϋ^,13110
–Ϊ•‹ζ,–Ϊ•–{’¬Π‰ο‹³ηΩ,–Ϊ•‹ζ–Ϊ•–{’¬‚Q|‚P|‚Q‚O,‚RKƒƒr[,–³—Ώ‚Ε——p‰Β”\,ω‚έϋ^,13110
–Ϊ•‹ζ,’†‰›‘ΜηΩ,–Ϊ•‹ζ–Ϊ•–{’¬‚T|‚Q‚Q|‚W,‚PE‚QE‚RE‚SK,–³—Ώ‚Ε——p‰Β”\,ω‚έϋ^,13110
‘ε“c‹ζ,Ξμ’¬•¶‰»ƒZƒ“ƒ^[,‘ε“c‹ζΞμ’¬‚P|‚R|‚W,‚PK,–³—Ώ‚Ε——p‰Β”\,ω‚έϋ^,13111
‘ε“c‹ζ,‘εX““Α•Κo’£,‘ε“c‹ζ‘εX“μ‚S|‚X|‚P,‚PKƒƒr[,–³—Ώ‚Ε——p‰Β”\,ω‚έϋ^,13111
‘ε“c‹ζ,‘εXƒXƒ|[ƒcƒZƒ“ƒ^[,‘ε“c‹ζ‘εX–{’¬‚Q|‚Q|‚T,’n‰Ί‚QE‚PK,–³—Ώ‚Ε——p‰Β”\,ω‚έϋ^,13111
‘ε“c‹ζ,‘ε“c‹ζ–π–{’΅Ι,‘ε“c‹ζ—“c‚T|‚P‚R|‚P‚S,‚PKƒƒr[,–³—Ώ‚Ε——p‰Β”\,ω‚έϋ^,13111
‘ε“c‹ζ,”n‰w,‘ε“c‹ζ–k”n‚Q|‚R‚P|‚X,ƒz[ƒ€,‰w“ΰ‚Ιέ’u,ω‚έϋ^,13111
‘ε“c‹ζ,‹v‚΄“Α•Κo’£,‘ε“c‹ζ‹v‚΄‚S|‚P‚Q|‚P‚O,‚PK,–³—Ώ‚Ε——p‰Β”\,ω‚έϋ^,13111
‘ε“c‹ζ,Vδh“Α•Κo’£,‘ε“c‹ζ’†‰›‚P|‚Q‚P|‚U,‚PK,–³—Ώ‚Ε——p‰Β”\,ω‚έϋ^,13111
‘ε“c‹ζ,—δ’¬•¶‰»ƒZƒ“ƒ^[,‘ε“c‹ζ“c‰€’²•z–{’¬‚V|‚P,‚PK,–³—Ώ‚Ε——p‰Β”\,ω‚έϋ^,13111
‘ε“c‹ζ,‘ε“csκ,‘ε“c‹ζ“C‚R|‚Q|‚P,––±“‚QK“W¦Ί,–³—Ώ‚Ε——p‰Β”\,ω‚έϋ^,13111
‘ε“c‹ζ,βο’J•¶‰»ƒZƒ“ƒ^[,‘ε“c‹ζΌβο’J‚Q|‚P‚S|‚T,‚PK,–³—Ώ‚Ε——p‰Β”\,ω‚έϋ^,13111
‘ε“c‹ζ,Ό”n‰w,‘ε“c‹ζΌ”n‚Q|‚P|‚U,ƒz[ƒ€,‰w“ΰ‚Ιέ’u,ω‚έϋ^,13111
‘ε“c‹ζ,‘ε“c‹ζ‘‡‘ΜηΩ,‘ε“c‹ζ“—“c‚P[‚P‚P[‚P,’n‰Ί‚PK,–³—Ώ‚Ε——p‰Β”\,ω‚έϋ^,13111
‘ε“c‹ζ,‰L‚Μ–Ψ“Α•Κo’£,‘ε“c‹ζ“μ‹v‚΄‚Q|‚R‚O|‚T,’n‰Ί‚PK,–³—Ώ‚Ε——p‰Β”\,ω‚έϋ^,13111
Ά“c’J‹ζ,‘‡‰^“®κ‰·…ƒv[ƒ‹,Ά“c’J‹ζ‘ε‘ 4|6|1,’n‰Ί‚QK’j—XίΊE‚PK’j—XίΊ‘O,κ•”“όκ—Ώ‚•K—v,ω‚έϋ^,13112
Ά“c’J‹ζ,‘‡‰^“®κ‘ΜηΩ,Ά“c’J‹ζ‘ε‘ 4|6|1,’n‰Ί‚PKƒƒr[,–³—Ώ‚Ε——p‰Β”\,ƒ{ƒgƒ‹ƒfƒBƒXƒyƒ“ƒT[^,13112
Ά“c’J‹ζ,‘‡‰^“®κ—¤γ‹£‹Zκ,Ά“c’J‹ζ‘ε‘ 4|6|1,‚PKƒGƒ“ƒgƒ‰ƒ“ƒX,–³—Ώ‚Ε——p‰Β”\,ƒ{ƒgƒ‹ƒfƒBƒXƒyƒ“ƒT[^,13112
Ά“c’J‹ζ,‘ε‘ ‘ζ“ρ‰^“®κ,Ά“c’J‹ζ‘ε‘ ‚S|‚V|‚P,ƒgƒ[ƒjƒ“ƒOƒ‹[ƒ€EƒSƒ‹ƒt—ϋKκ,κ•”“όκ—Ώ‚•K—v,ω‚έϋ^,13112
Ά“c’J‹ζ,‰–{’n‹ζ‰οΩ,Ά“c’J‹ζ‰–{‚P|‚Q‚T|‚S,“όϋƒƒr[,–³—Ώ‚Ε——p‰Β”\,ω‚έϋ^,13112
Ά“c’J‹ζ,”φR‘δ’nζ‘ΜηΩ,Ά“c’J‹ζ”φR‘δ‚R|‚P‚X|‚R,‚PKƒƒr[iƒAƒ[ƒi“όϋj,–³—Ώ‚Ε——p‰Β”\,ω‚έϋ^,13112
Ά“c’J‹ζ,™“c‹ζ–―ƒZƒ“ƒ^[,Ά“c’J‹ζ™“c‚R|‚R‚T|‚P,‚PK“όϋƒƒr[E’n‰Ί‚PK}‘Ω“όϋ•t‹ί,–³—Ώ‚Ε——p‰Β”\,ω‚έϋ^,13112
Ά“c’J‹ζ,‹m–μ‹…κEƒTƒbƒJ[κ,Ά“c’J‹ζμ‘½©‚P|‚P‚Q|‚Q,‚PKƒƒr[,–³—Ώ‚Ε——p‰Β”\,ω‚έϋ^,13112
Ά“c’J‹ζ,‹ξ‘ςƒIƒƒ“ƒsƒbƒNφ‰€‘‡‰^“®κ‘ΜηΩ,Ά“c’J‹ζ‹ξ‘ςφ‰€‚P|‚P,’n‰Ί‚PKE‚PK‹qΘ,“όκ—Ώ‚•K—v,ω‚έϋ^,13112
Ά“c’J‹ζ,χ‹uW‰οΊ,Ά“c’J‹ζχ‹u‚Q|‚Q‚Q|‚P,‚PK,–³—Ώ‚Ε——p‰Β”\,ω‚έϋ^,13112
Ά“c’J‹ζ,χ‹u‹ζ–―ƒZƒ“ƒ^[,Ά“c’J‹ζχ‹u‚T|‚P‚S|‚P,’n‰Ί‚PKE‚PK,–³—Ώ‚Ε——p‰Β”\,ω‚έϋ^,13112
Ά“c’J‹ζ,‰Ί”n}‘Ω,Ά“c’J‹ζ‰Ί”n‚Q|‚R‚Q|‚P,‚PKƒtƒƒA,–³—Ώ‚Ε——p‰Β”\,ω‚έϋ^,13112
Ά“c’J‹ζ,‹½“y‘—ΏΩ,Ά“c’J‹ζΆ“c’J‚P|‚Q‚X|‚P‚W,–{Ω‚PKƒƒr[,–³—Ώ‚Ε——p‰Β”\,ω‚έϋ^,13112
Ά“c’J‹ζ,‹m}‘Ω,Ά“c’J‹ζ‘ct’J‚R|‚P‚O|‚S,‚PE‚QK,–³—Ώ‚Ε——p‰Β”\,ω‚έϋ^,13112
Ά“c’J‹ζ,…“Ή‹ΗΆ“c’J‰c‹Ζ,Ά“c’J‹ζ‘Ύq“°‚P|‚P‚R|‚P‚R,‚QK,–³—Ώ‚Ε——p‰Β”\,ω‚έϋ^,13112
Ά“c’J‹ζ,‘Ύq“°‹ζ–―ƒZƒ“ƒ^[,Ά“c’J‹ζ‘Ύq“°‚P|‚P‚S|‚Q‚O,‚PK,–³—Ώ‚Ε——p‰Β”\,ω‚έϋ^,13112
Ά“c’J‹ζ,ηΞ‘δ’n‹ζ‰οΩ,Ά“c’J‹ζηΞ‘δ‚R|‚R‚P|‚X,‚PK“όϋƒƒr[,–³—Ώ‚Ε——p‰Β”\,ω‚έϋ^,13112
Ά“c’J‹ζ,·‹ζ–―ƒZƒ“ƒ^[,Ά“c’J‹ζ·‚P|‚Q‚U|‚P‚P,’n‰Ί‚PKE‚PE‚QK,–³—Ώ‚Ε——p‰Β”\,ω‚έϋ^,13112
Ά“c’J‹ζ,’†‰›}‘Ω,Ά“c’J‹ζ·‚R|‚P‚U|‚W,‚PK}‘Ω“ΰ,–³—Ώ‚Ε——p‰Β”\,ω‚έϋ^,13112
Ά“c’J‹ζ,‹³ηƒZƒ“ƒ^[,Ά“c’J‹ζ·‚R|‚P‚U|‚W,‚PKƒƒr[,–³—Ώ‚Ε——p‰Β”\,ω‚έϋ^,13112
Ά“c’J‹ζ,σ–]‹u’nζ‘ΜηΩ,Ά“c’J‹ζ‘D‹΄‚U|‚Q‚T|‚P,‚PKL‰ΊE‚RK©“®”Μ”„‹@‰΅,–³—Ώ‚Ε——p‰Β”\,ƒ{ƒgƒ‹ƒfƒBƒXƒyƒ“ƒT[^Eω‚έϋ^,13112
Ά“c’J‹ζ,ηΞ‰·…ƒv[ƒ‹,Ά“c’J‹ζ‘D‹΄‚V|‚X|‚P,‚QK,“όκ—Ώ‚•K—v,ω‚έϋ^,13112
Ά“c’J‹ζ,Ά“c’J•¶wΩ,Ά“c’J‹ζ“μ‰GR‚P|‚P‚O|‚P‚O,‚PK,–³—Ώ‚Ε——p‰Β”\,ω‚έϋ^,13112
Ά“c’J‹ζ,‰GR}‘Ω,Ά“c’J‹ζ“μ‰GR‚U|‚Q|‚P‚X,‚SK}‘Ω“όϋ,–³—Ώ‚Ε——p‰Β”\,ω‚έϋ^,13112
Ά“c’J‹ζ,‹{β‹ζ–―ƒZƒ“ƒ^[,Ά“c’J‹ζ‹{β‚P|‚Q‚S|‚U,’nK,–³—Ώ‚Ε——p‰Β”\,ω‚έϋ^,13112
Ά“c’J‹ζ,o“°}‘Ω,Ά“c’J‹ζ‹{β‚R|‚P|‚R‚O,‚PK,–³—Ώ‚Ε——p‰Β”\,ω‚έϋ^,13112
a’J‹ζ,•xƒ–’J}‘Ω,a’J‹ζγ΄‚P|‚S‚U|‚Q,’N‚Ε‚ΰƒgƒCƒ“όϋ,–³—Ώ‚Ε——p‰Β”\,ω‚έϋ^,13113
a’J‹ζ,γ΄Π‰ο‹³ηΩ,a’J‹ζγ΄‚R|‚P‚R|‚W,’n‰Ί‚PKE‚QK,–³—Ώ‚Ε——p‰Β”\,ω‚έϋ^,13113
a’J‹ζ,a’J‹ζ–π,a’J‹ζ‰F“cμ’¬‚P|‚P,‚P`‚P‚TK,–³—Ώ‚Ε——p‰Β”\,ƒ{ƒgƒ‹ƒfƒBƒXƒyƒ“ƒT[^Eω‚έϋ^,13113
a’J‹ζ,b”δυΠ‰ο‹³ηΩ,a’J‹ζb”δυ‚Q|‚Q‚V|‚P‚W,’n‰Ί‚PK,–³—Ώ‚Ε——p‰Β”\,ω‚έϋ^,13113
a’J‹ζ,’·’JΛΠ‰ο‹³ηΩ,a’J‹ζb”δυΌ‚P|‚Q‚R|‚S,‚PK,–³—Ώ‚Ε——p‰Β”\,ω‚έϋ^,13113
a’J‹ζ,‚±‚ΰ‚κ‚Ρ‘εa“c}‘Ω,a’J‹ζχ‹u’¬‚Q‚R|‚Q‚P•¶‰»‘‡ƒZƒ“ƒ^[‘εa“c‚QK,™“¶—pƒgƒCƒ‘O,–³—Ώ‚Ε——p‰Β”\,ω‚έϋ^,13113
a’J‹ζ,ω’Λ}‘Ω,a’J‹ζω’Λ‚P|‚S‚V|‚Pƒƒ‹ƒNƒ}[ƒ‹‹‰¤ω’Λ‚SK,ƒJƒEƒ“ƒ^[‰΅,–³—Ώ‚Ε——p‰Β”\,ω‚έϋ^,13113
a’J‹ζ,ω’Λ‚±‚Η‚ΰ}‘Ω,a’J‹ζω’Λ‚R|‚R|‚P,‚QK‘‹ϋ‘O,–³—Ώ‚Ε——p‰Β”\,ω‚έϋ^,13113
a’J‹ζ,”ό’|‚Μ‹uE‚µ‚Τ‚β,a’J‹ζa’J‚P|‚P‚W|‚X,‚PK‘‡Δ“ΰ‘OE‚QKK’i,–³—Ώ‚Ε——p‰Β”\,ω‚έϋ^,13113
a’J‹ζ,’†‰›}‘Ω,a’J‹ζ_‹{‘O1-4-1,‚PE‚QE‚RE‚SK,–³—Ώ‚Ε——p‰Β”\,ω‚έϋ^,13113
a’J‹ζ,ƒPƒAƒRƒ~ƒ…ƒjƒeƒB[E΄h‚Μ‹u,a’J‹ζ_‹{‘O‚R|‚P‚Q|‚W,‚PKσ•t‘OE‚PKƒƒNƒƒG[ƒVƒ‡ƒ“ƒz[ƒ‹,–³—Ώ‚Ε——p‰Β”\,ω‚έϋ^,13113
a’J‹ζ,η‘Κƒ–’JΠ‰ο‹³ηΩ,a’J‹ζη‘Κƒ–’J‚P|‚U|‚T,’n‰Ί‚PKE‚PE‚QE‚RK,–³—Ώ‚Ε——p‰Β”\,ω‚έϋ^,13113
a’J‹ζ,“‹‘ΜηΩ,a’J‹ζη‘Κƒ–’J‚P|‚P‚V|‚P,ƒv[ƒ‹“,“όκ—Ώ‚•K—v,ƒ{ƒgƒ‹ƒfƒBƒXƒyƒ“ƒT[^Eω‚έϋ^,13113
a’J‹ζ,‘‡ƒPƒAƒRƒ~ƒ…ƒjƒeƒBE‚Ή‚Ή‚η‚¬,a’J‹ζΌ΄‚P|‚S‚O|‚P‚O,‚PE‚QKK’i—x‚θκE‚QK³–ΚΊΦ‚d‚u‰΅,–³—Ώ‚Ε——p‰Β”\,ω‚έϋ^,13113
a’J‹ζ,Ό΄}‘Ω,a’J‹ζΌ΄‚Q|‚Q‚W|‚X,‚QKυ‹@•t‹ί,–³—Ώ‚Ε——p‰Β”\,ω‚έϋ^,13113
a’J‹ζ,‰‘δΒ”NΩ,a’J‹ζ‰‘δ‚P[‚R‚R[‚P‚O,‚SK,–³—Ώ‚Ε——p‰Β”\,ω‚έϋ^,13113
a’J‹ζ,”¦ƒ–’JΠ‰ο‹³ηΩ,a’J‹ζ”¦ƒ–’J‚Q|‚T‚O|‚Q,‚QE‚SK,–³—Ώ‚Ε——p‰Β”\,ω‚έϋ^,13113
a’J‹ζ,a’J}‘Ω,a’J‹ζ“‚P|‚U|‚U,’n‰Ί‚PKƒgƒCƒ‘OE‚QK‚±‚Η‚ΰΊ“όϋ,–³—Ώ‚Ε——p‰Β”\,ω‚έϋ^,13113
a’J‹ζ,ƒƒtƒƒbƒVƒ…•Xμ,a’J‹ζ“‚P|‚Q‚U|‚Q‚R,’n‰Ί‚PKE‚RK,–³—Ώ‚Ε——p‰Β”\,ω‚έϋ^,13113
a’J‹ζ,‚Π‚‚µ’Nƒvƒ‰ƒU,a’J‹ζ“‚R|‚P‚S|‚P‚R,’n‰Ί‚QKE’n‰Ί‚PKE‚PE‚QK,–³—Ώ‚Ε——p‰Β”\,ω‚έϋ^,13113
a’J‹ζ,—Υμ‚έ‚ρ‚Θ‚Μ}‘Ω,a’J‹ζL”φ‚P|‚X|‚P‚V,‚PK‘ζ‚R‰{——ΊL‰Ί,–³—Ώ‚Ε——p‰Β”\,ω‚έϋ^,13113
a’J‹ζ,–{’¬}‘Ω,a’J‹ζ–{’¬‚P|‚R‚R|‚T,‚PK™“¶ƒgƒCƒ‘OA‚PKE‚QKκ”ΚƒgƒCƒ‘O,–³—Ώ‚Ε——p‰Β”\,ω‚έϋ^,13113
a’J‹ζ,’nζπ—¬ƒZƒ“ƒ^[@“ρ¬‰Ζ,a’J‹ζ–{’¬‚R[‚R‚T[‚S,ƒƒ‰ƒNƒ[[ƒVƒ‡ƒ“ƒ‹[ƒ€,–³—Ώ‚Ε——p‰Β”\,ω‚έϋ^,13113
a’J‹ζ,™“¶Β­”NƒZƒ“ƒ^[,a’J‹ζ–{’¬‚U|‚U|‚Q,‚a‚QKE‚a‚PKE‚PKeL‰ΊE‚RK,–³—Ώ‚Ε——p‰Β”\,ω‚έϋ^,13113
a’J‹ζ,‘γX–Ψ‰w,a’J‹ζ‘γX–Ψ‚P|‚R‚T|‚T,ƒz[ƒ€,‰w“ΰ‚Ιέ’u,ω‚έϋ^,13113
a’J‹ζ,Vh‰w,a’J‹ζ‘γX–Ψ‚Q|‚P|‚P,ƒz[ƒ€,‰w“ΰ‚Ιέ’u,ω‚έϋ^,13113
’†–μ‹ζ,V]Γ“c‰w,’†–μ‹ζ]΄’¬‚Q|‚Q‚X|‚P‚R,ƒz[ƒ€,‰w“ΰ‚Ιέ’u,ω‚έϋ^,13114
’†–μ‹ζ,λ‹{ƒXƒ|[ƒcEƒRƒ~ƒ…ƒjƒeƒBƒvƒ‰ƒU,’†–μ‹ζ”’λ‚R|‚P|‚P‚R,’n‰Ί‚QKƒv[ƒ‹σ•tE’n‰Ί‚PK‘½–Ϊ“Iƒ‹[ƒ€‰΅E‚PK‘ΜηΩE‚QKƒGƒƒx[ƒ^[‘O,–³—Ώ‚Ε——p‰Β”\,ƒ{ƒgƒ‹ƒfƒBƒXƒyƒ“ƒT[^Eω‚έϋ^,13114
’†–μ‹ζ,’†–μβγ‰w,’†–μ‹ζ’†‰›‚Q|‚Q|‚Q‚W,ƒz[ƒ€,‰w“ΰ‚Ιέ’u,ω‚έϋ^,13114
’†–μ‹ζ,…“Ή‹Η’†–μ‰c‹Ζ,’†–μ‹ζ’†–μ‚P|‚T|‚V,‚PK,–³—Ώ‚Ε——p‰Β”\,ω‚έϋ^,13114
’†–μ‹ζ,’†–μ‹ζ–π,’†–μ‹ζ’†–μ‚S|‚W|‚P,‚PKE‚QKƒGƒƒx[ƒ^[‘O,–³—Ώ‚Ε——p‰Β”\,ω‚έϋ^,13114
’†–μ‹ζ,’†–μ‹ζΠ‰ο•ƒ‰οΩ,’†–μ‹ζ’†–μ‚T|‚U‚W|‚V,‚QE‚RE‚SK,–³—Ώ‚Ε——p‰Β”\,ω‚έϋ^,13114
’†–μ‹ζ,’†–μ‹ζαQ•ƒ‰οΩ,’†–μ‹ζΐ‘ά‚Q|‚S‚O|‚P‚W,‚PK,–³—Ώ‚Ε——p‰Β”\,ω‚έϋ^,13114
’†–μ‹ζ,“’†–μ‰w,’†–μ‹ζ“’†–μ‚R|‚W|‚P‚U,ƒz[ƒ€,‰w“ΰ‚Ιέ’u,ω‚έϋ^,13114
’†–μ‹ζ,“μ•”ƒXƒ|[ƒcEƒRƒ~ƒ…ƒjƒeƒBƒvƒ‰ƒU,’†–μ‹ζ–ν¶’¬‚T|‚P‚P|‚Q‚U,‚PKƒƒr[E‚QKƒgƒ[ƒjƒ“ƒOƒ‹[ƒ€,–³—Ώ‚Ε——p‰Β”\,ƒ{ƒgƒ‹ƒfƒBƒXƒyƒ“ƒT[^Eω‚έϋ^,13114
™•ΐ‹ζ,Ά²’J}‘Ω,™•ΐ‹ζΆ²’J–k‚R|‚R‚U|‚P‚S,‚PE‚QK,–³—Ώ‚Ε——p‰Β”\,ω‚έϋ^,13115
™•ΐ‹ζ,Ά²’J’nζ‹ζ–―ƒZƒ“ƒ^[,™•ΐ‹ζΆ²’J“μ‚P|‚S‚V|‚P‚V,’n‰Ί‚PKL‰Ί,–³—Ώ‚Ε——p‰Β”\,ω‚έϋ^,13115
™•ΐ‹ζ,…“Ή‹Ηaς‡“―’΅Ι,™•ΐ‹ζaς‚R|‚W|‚P‚O,‚QK,–³—Ώ‚Ε——p‰Β”\,ω‚έϋ^,13115
™•ΐ‹ζ,΅μ}‘Ω,™•ΐ‹ζ΅μ‚S|‚P‚Q|‚P‚O,Ω“ΰ,–³—Ώ‚Ε——p‰Β”\,ω‚έϋ^,13115
™•ΐ‹ζ,ƒZƒVƒIƒ“™•ΐiΠ‰ο‹³ηƒZƒ“ƒ^[E‚‰~›’nζ‹ζ–―ƒZƒ“ƒ^[j,™•ΐ‹ζ”~—Ά‚P|‚Q‚Q|‚R‚Q,‚PK,–³—Ώ‚Ε——p‰Β”\,ω‚έϋ^,13115
™•ΐ‹ζ,‰i•PAγ‚θ,™•ΐ‹ζ‰i•‚P|‚T,’n‰Ί‚PKƒgƒCƒ‘O,“όκ—Ώ‚•K—v,ω‚έϋ^,13115
™•ΐ‹ζ,‰i•}‘Ω,™•ΐ‹ζ‰i•‚S|‚Q‚T|‚V,‚QK,–³—Ώ‚Ε——p‰Β”\,ω‚έϋ^,13115
™•ΐ‹ζ,‰¬E’nζ‹ζ–―ƒZƒ“ƒ^[,™•ΐ‹ζ‰¬E‚Q|‚R‚S|‚Q‚O,’n‰Ί‚QKL‰ΊE‚QKL‰Ί,–³—Ώ‚Ε——p‰Β”\,ω‚έϋ^,13115
™•ΐ‹ζ,’†‰›}‘Ω,™•ΐ‹ζ‰¬E‚R|‚S‚O|‚Q‚R,’n‰Ί‚PKE‚PK,–³—Ώ‚Ε——p‰Β”\,ω‚έϋ^,13115
™•ΐ‹ζ,‰¬E‘ΜηΩ,™•ΐ‹ζ‰¬E‚R|‚S‚V|‚Q,’n‰Ί‚PK©“®”Μ”„‹@‘OE‚PK•“ΉΩ“όϋ,–³—Ώ‚Ε——p‰Β”\,ω‚έϋ^,13115
™•ΐ‹ζ,`–Ψ}‘Ω,™•ΐ‹ζγδ‘‚P|‚U|‚P‚R,Ω“ΰ,–³—Ώ‚Ε——p‰Β”\,ω‚έϋ^,13115
™•ΐ‹ζ,γδ‘ƒXƒ|[ƒcƒZƒ“ƒ^[,™•ΐ‹ζγδ‘‚R|‚R‚S|‚P,’n‰Ί‚PKE‚PKL‰Ί,–³—Ώ‚Ε——p‰Β”\,ω‚έϋ^,13115
™•ΐ‹ζ,‹v‰δR‰οΩ,™•ΐ‹ζ‹v‰δR‚R|‚Q‚R|‚Q‚O,‚PKƒƒr[,–³—Ώ‚Ε——p‰Β”\,ω‚έϋ^,13115
™•ΐ‹ζ,‚‰~›}‘Ω,™•ΐ‹ζ‚‰~›“μ‚Q|‚R‚U|‚Q‚T,‚QE‚RK,–³—Ώ‚Ε——p‰Β”\,ω‚έϋ^,13115
™•ΐ‹ζ,‚‰~›‘ΜηΩ,™•ΐ‹ζ‚‰~›“μ‚Q|‚R‚U|‚R‚P,‚QKL‰Ίgα—pƒgƒCƒ‘O,–³—Ώ‚Ε——p‰Β”\,ω‚έϋ^,13115
™•ΐ‹ζ,–­³›‘ΜηΩ,™•ΐ‹ζ΄…‚R|‚Q‚O|‚P‚Q,’n‰Ί‚PKE‚PKL‰Ί,–³—Ώ‚Ε——p‰Β”\,ω‚έϋ^,13115
™•ΐ‹ζ,‰Ίδ‘}‘Ω,™•ΐ‹ζ‰Ίδ‘‚R|‚Q‚U|‚T,‚PE‚QK,–³—Ώ‚Ε——p‰Β”\,ω‚έϋ^,13115
™•ΐ‹ζ,δ‘’nζ‹ζ–―ƒZƒ“ƒ^[,™•ΐ‹ζ‰Ίδ‘‚T|‚V|‚Q‚Q,’n‰Ί‚PKL‰ΊE‚PKL‰ΊE‚QKL‰Ί,–³—Ώ‚Ε——p‰Β”\,ω‚έϋ^,13115
™•ΐ‹ζ,‰Ί‚δΛ‹ζ–―W‰ο,™•ΐ‹ζ‰Ί‚δΛ‚R|‚Q‚U|‚P,‚PKƒGƒƒx[ƒ^[‘O,–³—Ώ‚Ε——p‰Β”\,ω‚έϋ^,13115
™•ΐ‹ζ,‚δΛ}‘Ω,™•ΐ‹ζ‚δΛ“‚P|‚Q‚W|‚P,‚PE‚QK,–³—Ώ‚Ε——p‰Β”\,ω‚έϋ^,13115
™•ΐ‹ζ,‚δΛ’nζ‹ζ–―ƒZƒ“ƒ^[,™•ΐ‹ζ‚δΛ“‚R|‚V|‚T,‚PE‚RK,–³—Ώ‚Ε——p‰Β”\,ω‚έϋ^,13115
™•ΐ‹ζ,¬“c}‘Ω,™•ΐ‹ζ¬“c“‚R|‚Q‚W|‚T,‚PK,–³—Ώ‚Ε——p‰Β”\,ω‚έϋ^,13115
™•ΐ‹ζ,Ό‰¬}‘Ω,™•ΐ‹ζΌ‰¬–k‚Q|‚R‚R|‚X,Ω“ΰ,–³—Ώ‚Ε——p‰Β”\,ω‚έϋ^,13115
™•ΐ‹ζ,•ϋ“μ}‘Ω,™•ΐ‹ζ•ϋ“μ‚P|‚T‚P|‚Q,Ω“ΰ,–³—Ώ‚Ε——p‰Β”\,ω‚έϋ^,13115
™•ΐ‹ζ,–{“Vΐ‹ζ–―W‰ο,™•ΐ‹ζ–{“Vΐ‚Q|‚P‚Q|‚P‚O,’kbƒR[ƒi[,–³—Ώ‚Ε——p‰Β”\,ω‚έϋ^,13115
™•ΐ‹ζ,Όƒm–Ψ‰^“®κ,™•ΐ‹ζΌƒm–Ψ‚P|‚R|‚Q‚Q,ΊΦƒz[ƒ‹“όϋ,–³—Ώ‚Ε——p‰Β”\,ω‚έϋ^,13115
™•ΐ‹ζ,“μ‰¬E}‘Ω,™•ΐ‹ζ“μ‰¬E‚P|‚P‚O|‚Q,‚PE‚QK,–³—Ώ‚Ε——p‰Β”\,ω‚έϋ^,13115
™•ΐ‹ζ,‘ε‹{‘O‘ΜηΩ,™•ΐ‹ζ“μ‰¬E‚Q|‚P|‚P,’n‰Ί‚QK`‚PK,–³—Ώ‚Ε——p‰Β”\,ω‚έϋ^,13115
™•ΐ‹ζ,‹{‘O}‘Ω,™•ΐ‹ζ‹{‘O‚T|‚T|‚Q‚V,‚PK,–³—Ώ‚Ε——p‰Β”\,ω‚έϋ^,13115
™•ΐ‹ζ,™•ΐ‘ζ\¬‰·…ƒv[ƒ‹,™•ΐ‹ζa“c‚R|‚T‚T|‚S‚X,’n‰Ί‚PKσ•t,–³—Ώ‚Ε——p‰Β”\,ω‚έϋ^,13115
–L“‡‹ζ,‘ƒ›‰w,–L“‡‹ζ‘ƒ›‚R|‚Q‚V|‚V,ƒz[ƒ€,‰w“ΰ‚Ιέ’u,ω‚έϋ^,13116
–L“‡‹ζ,“‹|p€κ,–L“‡‹ζΌ’r‘ά‚P|‚W|‚P,’n‰Ί‚PKE‚QE‚RE‚TE‚VE‚WE‚XK,κ•”‚«“όκ—Ώ‚•K—v,ω‚έϋ^,13116
–L“‡‹ζ,Ό‘ƒ›‰w,–L“‡‹ζΌ‘ƒ›‚R|‚Q‚T|‚P‚R,ƒz[ƒ€,‰w“ΰ‚Ιέ’u,ω‚έϋ^,13116
–k‹ζ,“‹“sαQ‘‡ƒXƒ|[ƒcƒZƒ“ƒ^[,–k‹ζ\π‘δ‚P|‚Q|‚Q,–{Ω‚PE‚QKE‘’z“‚PK,–³—Ώ‚Ε——p‰Β”\,ω‚έϋ^,13117
–k‹ζ,\π‘δ¬wZ‰·…ƒv[ƒ‹,–k‹ζ’†\π‚P|‚T|‚U,‚PK,–³—Ώ‚Ε——p‰Β”\,ω‚έϋ^,13117
rμ‹ζ,‚δ‚Ά‚ΜX‚ ‚η‚©‚ν,rμ‹ζrμ‚Q|‚T‚O|‚P,‚QK,–³—Ώ‚Ε——p‰Β”\,ω‚έϋ^,13118
rμ‹ζ,’¬‰®•¶‰»ƒZƒ“ƒ^[,rμ‹ζrμ‚V|‚Q‚O|‚P,‚QK,–³—Ώ‚Ε——p‰Β”\,ω‚έϋ^,13118
rμ‹ζ,rμ‚³‚Β‚«‰οΩ,rμ‹ζrμ‚W|‚P‚U|‚P‚R,‚PK,–³—Ώ‚Ε——p‰Β”\,ω‚έϋ^,13118
rμ‹ζ,’j—•½“™„iƒZƒ“ƒ^[,rμ‹ζ“”φ‹v5|9|3,’n‰Ί‚QK,–³—Ώ‚Ε——p‰Β”\,ω‚έϋ^,13118
rμ‹ζ,“ϊ•ι—Ά}‘Ω,rμ‹ζ““ϊ•ι—Ά‚U|‚R‚W|‚S,’n‰Ί‚PKE‚PK,–³—Ώ‚Ε——p‰Β”\,ω‚έϋ^,13118
rμ‹ζ,’¬‰®}‘Ω,rμ‹ζ’¬‰®‚T|‚P‚P|‚P‚W,‚QK,–³—Ώ‚Ε——p‰Β”\,ω‚έϋ^,13118
rμ‹ζ,…“Ή‹Η“•”‘ζ“ρx,rμ‹ζ“μηZ‚U|‚S‚O|‚P,‚PK,–³—Ώ‚Ε——p‰Β”\,ω‚έϋ^,13118
rμ‹ζ,“μηZ}‘Ω,rμ‹ζ“μηZ‚U|‚U‚R|‚P,‚PE‚QK,–³—Ώ‚Ε——p‰Β”\,ω‚έϋ^,13118
rμ‹ζ,ρ“s‘εw“‹rμƒLƒƒƒ“ƒpƒX,rμ‹ζ“”φ‹v‚V|‚Q|‚P‚O,H“°E‹i’ƒΊ,–³—Ώ‚Ε——p‰Β”\,ƒ{ƒgƒ‹ƒfƒBƒXƒyƒ“ƒT[^,13118
”Β‹΄‹ζ,‹½“y‘—ΏΩ,”Β‹΄‹ζΤ’Λ‚R|‚R‚T|‚Q‚T,‚QK‰{——ƒR[ƒi[,–³—Ώ‚Ε——p‰Β”\,ω‚έϋ^,13119
”Β‹΄‹ζ,Τ’Λ‘ΜηΩ,”Β‹΄‹ζΤ’Λ‚T|‚U|‚P,‘ΜηΩ“‚PE‚QKEƒv[ƒ‹“’n‰Ί‚QKE­”N‰^“®κ,–³—Ώ‚Ε——p‰Β”\,ω‚έϋ^,13119
”Β‹΄‹ζ,Τ’Λ}‘Ω,”Β‹΄‹ζΤ’Λ‚U|‚R‚W|‚P,™“¶Ί‘¤“όϋ,–³—Ώ‚Ε——p‰Β”\,ω‚έϋ^,13119
”Β‹΄‹ζ,¬“¤‘ς‘ΜηΩ,”Β‹΄‹ζ¬“¤‘ς‚R|‚P|‚P,‘Μη“‚PKƒƒr[E‚QKƒgƒ[ƒjƒ“ƒOΊ‘O,–³—Ώ‚Ε——p‰Β”\,ω‚έϋ^,13119
”Β‹΄‹ζ,΄…‚Ά‚±‚Ά‚Μ‰Ζ,”Β‹΄‹ζς’¬‚P‚U|‚P‚U,‚PK,–³—Ώ‚Ε——p‰Β”\,ω‚έϋ^,13119
”Β‹΄‹ζ,V”Β‹΄‰w,”Β‹΄‹ζ”Β‹΄‚P|‚T‚R|‚P‚V,ƒz[ƒ€,‰w“ΰ‚Ιέ’u,ω‚έϋ^,13119
”Β‹΄‹ζ,”Β‹΄‹ζ–π–{’΅Ι,”Β‹΄‹ζ”Β‹΄‚Q|‚U‚U|‚P,‚PK“ϋE‚P‚OKƒƒr[,–³—Ώ‚Ε——p‰Β”\,ω‚έϋ^,13119
”Β‹΄‹ζ,”Β‹΄‹ζ–π‘O‰w,”Β‹΄‹ζ”Β‹΄‚Q|‚U‚U|‚P‚V,ƒz[ƒ€,‰w“ΰ‚Ιέ’u,ω‚έϋ^,13119
”Β‹΄‹ζ,”Β‹΄‚Ά‚±‚Ά‚Μ‰Ζ,”Β‹΄‹ζ”Β‹΄‚R|‚Q‚U|‚S,ƒƒr[,–³—Ώ‚Ε——p‰Β”\,ω‚έϋ^,13119
—ϋ”n‹ζ,‘εςw‰€’¬‘ΜηΩ,—ϋ”n‹ζ‘εςw‰€’¬‚T|‚P‚S|‚Q‚S,’n‰Ί‚PKiƒv[ƒ‹Ί“ΰEƒgƒ[ƒjƒ“ƒOΊ‘OjE‚PK,–³—Ώ‚Ε——p‰Β”\,ω‚έϋ^,13120
—ϋ”n‹ζ,‘ες‰^“®κ,—ϋ”n‹ζ‘ες’¬‚T|‚Q‚S|‚P‚Q,Η—“‚PK,–³—Ώ‚Ε——p‰Β”\,ω‚έϋ^,13120
”Β‹΄‹ζ,•¶‰»‰οΩ,”Β‹΄‹ζ‘εR“’¬‚T‚P|‚P,’n‰Ί‚QKƒƒn[ƒTƒ‹Ί‘OE‚PKƒƒr[,–³—Ώ‚Ε——p‰Β”\,ω‚έϋ^,13119
”Β‹΄‹ζ,“”Β‹΄}‘Ω,”Β‹΄‹ζ‰Α‰κ‚P|‚P‚O|‚P‚T,‚PE‚QK,–³—Ώ‚Ε——p‰Β”\,ω‚έϋ^,13119
”Β‹΄‹ζ,“”Β‹΄‘ΜηΩ,”Β‹΄‹ζ‰Α‰κ‚P|‚P‚O|‚T,’n‰Ί‚PKE‚PE‚QK,–³—Ώ‚Ε——p‰Β”\,ω‚έϋ^,13119
—ϋ”n‹ζ,γΞ_δ‘ΜηΩ,—ϋ”n‹ζγΞ_δ‚P|‚R‚Q|‚R‚V,’n‰Ί‚QKiƒv[ƒ‹σ•t‘OEƒv[ƒ‹Ί“ΰjE’n‰Ί‚PK,–³—Ώ‚Ε——p‰Β”\,ω‚έϋ^,13120
”Β‹΄‹ζ,¬–Ξ}‘Ω,”Β‹΄‹ζ¬–Ξ‚P|‚U|‚Q,‚PK™“¶ƒR[ƒi[q‚Η‚ΰ—pƒgƒCƒ“όϋ,–³—Ώ‚Ε——p‰Β”\,ω‚έϋ^,13119
”Β‹΄‹ζ,γ”Β‹΄‘ΜηΩ,”Β‹΄‹ζχμ‚P|‚R|‚P,‚PKƒƒr[E‚PK‰®“ΰƒv[ƒ‹“ΰE‚QKƒgƒ[ƒjƒ“ƒOƒ‹[ƒ€“ΰ,–³—Ώ‚Ε——p‰Β”\,ƒ{ƒgƒ‹ƒfƒBƒXƒyƒ“ƒT[^Eω‚έϋ^,13119
”Β‹΄‹ζ,u‘Ίβγ‰w,”Β‹΄‹ζu‘Ί‚P|‚P‚S|‚P‚R,ƒz[ƒ€,‰w“ΰ‚Ιέ’u,ω‚έϋ^,13119
”Β‹΄‹ζ,u‘ΊO’–Ϊ‰w,”Β‹΄‹ζu‘Ί‚R|‚Q‚R|‚P,ƒz[ƒ€,‰w“ΰ‚Ιέ’u,ω‚έϋ^,13119
—ϋ”n‹ζ,Ξ_δΌ‚Μ•—•¶‰»φ‰€,—ϋ”n‹ζΞ_δ‘δ‚P|‚R‚R|‚S‚S,Η—“‚PK,–³—Ώ‚Ε——p‰Β”\,ω‚έϋ^,13120
—ϋ”n‹ζ,Φ‹ζ–―ƒZƒ“ƒ^[,—ϋ”n‹ζΦ’¬–k‚P|‚V|‚Q,‚PE‚QE‚RK,–³—Ώ‚Ε——p‰Β”\,ω‚έϋ^,13120
—ϋ”n‹ζ,Φ•Ϋ’‘’k,—ϋ”n‹ζΦ’¬“‚P|‚Q‚V|‚S,‚PK,–³—Ώ‚Ε——p‰Β”\,ω‚έϋ^,13120
”Β‹΄‹ζ,‚“‡•½}‘Ω,”Β‹΄‹ζ‚“‡•½‚R|‚P‚R|‚P,‚PK,–³—Ώ‚Ε——p‰Β”\,ω‚έϋ^,13119
”Β‹΄‹ζ,Ό‚“‡•½‰w,”Β‹΄‹ζ‚“‡•½‚U|‚P,ƒz[ƒ€,‰w“ΰ‚Ιέ’u,ω‚έϋ^,13119
”Β‹΄‹ζ,V‚“‡•½‰w,”Β‹΄‹ζ‚“‡•½‚V|‚P,ƒz[ƒ€,‰w“ΰ‚Ιέ’u,ω‚έϋ^,13119
”Β‹΄‹ζ,‚“‡•½‰w,”Β‹΄‹ζ‚“‡•½‚W|‚Q|‚P,ƒz[ƒ€,‰w“ΰ‚Ιέ’u,ω‚έϋ^,13119
”Β‹΄‹ζ,‚“‡•½‰·…ƒv[ƒ‹,”Β‹΄‹ζ‚“‡•½‚W|‚Q‚W|‚P,‚PE‚QE‚RK,–³—Ώ‚Ε——p‰Β”\,ω‚έϋ^,13119
”Β‹΄‹ζ,Ό‘δ‰w,”Β‹΄‹ζ‚“‡•½‚X|‚P|‚P,ƒz[ƒ€,‰w“ΰ‚Ιέ’u,ω‚έϋ^,13119
”Β‹΄‹ζ,“V‚Ά‚±‚Ά‚Μ‰Ζ,”Β‹΄‹ζ“V’¬‚P|‚T|‚P,ƒƒr[,–³—Ώ‚Ε——p‰Β”\,ω‚έϋ^,13119
”Β‹΄‹ζ,χμ’nζƒZƒ“ƒ^[,”Β‹΄‹ζ“V’¬‚Q|‚S‚T|‚U,‚PK,–³—Ώ‚Ε——p‰Β”\,ω‚έϋ^,13119
”Β‹΄‹ζ,‹³η‰ΘwΩ,”Β‹΄‹ζν”Υ‘δ‚S|‚P‚S|‚P,’n‰Ί‹xeƒR[ƒi[E‚PKƒz[ƒ‹,–³—Ώ‚Ε——p‰Β”\,ω‚έϋ^,13119
—ϋ”n‹ζ,“yx“c’λ‹…κ,—ϋ”n‹ζ“yx“c‚S|‚R‚P|‚Q‚S,Η—“‚PK,–³—Ώ‚Ε——p‰Β”\,ω‚έϋ^,13120
—ϋ”n‹ζ,‚Ν‚Β‚η‚ΒƒZƒ“ƒ^[–L‹Κ,—ϋ”n‹ζ–L‹Κ’†‚R|‚R|‚P‚Q,‚QK,–³—Ώ‚Ε——p‰Β”\,ω‚έϋ^,13120
—ϋ”n‹ζ,’†‘Ί“μƒXƒ|[ƒcπ—¬ƒZƒ“ƒ^[,—ϋ”n‹ζ’†‘Ί“μ‚P|‚Q|‚R‚Q,’n‰Ί‚PKE‚PE‚QK,–³—Ώ‚Ε——p‰Β”\,ω‚έϋ^,13120
—ϋ”n‹ζ,—ϋ”n‘‡‰^“®κφ‰€,—ϋ”n‹ζ—ϋ”n‚Q|‚Q‚X|‚P‚O,Η—“‚PK,–³—Ώ‚Ε——p‰Β”\,ω‚έϋ^,13120
—ϋ”n‹ζ,υ‚‹u‘ΜηΩ,—ϋ”n‹ζυ‚‹u‚S|‚P|‚S,’n‰Ί‚QKE‚PE‚QK,–³—Ώ‚Ε——p‰Β”\,ω‚έϋ^,13120
—ϋ”n‹ζ,•½a‘δ‘ΜηΩ,—ϋ”n‹ζ•½a‘δ‚Q|‚P‚Q|‚T,’n‰Ί‚QKE’n‰Ί‚PK,–³—Ώ‚Ε——p‰Β”\,ω‚έϋ^,13120
—ϋ”n‹ζ,O΄‘δ‰·…ƒv[ƒ‹,—ϋ”n‹ζO΄‘δ‚Q|‚P‚P|‚Q‚X,‚PKƒƒr[Eƒv[ƒ‹Ί“ΰ,–³—Ώ‚Ε——p‰Β”\,ω‚έϋ^,13120
”Β‹΄‹ζ,’‡h‚Ά‚±‚Ά‚Μ‰Ζ,”Β‹΄‹ζ’‡h‚R|‚P,ƒƒr[,–³—Ώ‚Ε——p‰Β”\,ω‚έϋ^,13119
”Β‹΄‹ζ,’‡’¬’nζƒZƒ“ƒ^[,”Β‹΄‹ζ’‡’¬‚Q‚O|‚T,‚QE‚RE‚SK,–³—Ώ‚Ε——p‰Β”\,ω‚έϋ^,13119
”Β‹΄‹ζ,¬‘}‘Ω,”Β‹΄‹ζ¬‘‚R|‚P‚R|‚PƒAƒƒGƒX3K,‚RK,–³—Ώ‚Ε——p‰Β”\,ω‚έϋ^,13119
”Β‹΄‹ζ,‚Θ‚θ‚ά‚·‚Ά‚±‚Ά‚Μ‰Ζ,”Β‹΄‹ζ¬‘‚R|‚R‚S|‚Q‚P,ƒƒr[,–³—Ώ‚Ε——p‰Β”\,ω‚έϋ^,13119
”Β‹΄‹ζ,Ό‘δ‚Ά‚±‚Ά‚Μ‰Ζ,”Β‹΄‹ζΌ‘δ‚Q|‚R|‚R‚S,ƒƒr[,–³—Ώ‚Ε——p‰Β”\,ω‚έϋ^,13119
”Β‹΄‹ζ,–{@ΐ.‰w,”Β‹΄‹ζ@ΐ’¬‚P‚X|‚W,ƒz[ƒ€,‰w“ΰ‚Ιέ’u,ω‚έϋ^,13119
”Β‹΄‹ζ,@‰w,”Β‹΄‹ζ@‚Q|‚R‚P|‚R‚O,ƒz[ƒ€,‰w“ΰ‚Ιέ’u,ω‚έϋ^,13119
”Β‹΄‹ζ,@‚Ά‚±‚Ά‚Μ‰Ζ,”Β‹΄‹ζ@‚R|‚P‚T|‚P|‚P‚O‚R,ƒƒr[,–³—Ώ‚Ε——p‰Β”\,ω‚έϋ^,13119
”Β‹΄‹ζ,•Xμ}‘Ω,”Β‹΄‹ζ•Xμ’¬‚Q‚W|‚X,‚PE‚QK,–³—Ώ‚Ε——p‰Β”\,ω‚έϋ^,13119
”Β‹΄‹ζ,…“Ή‹Η”Β‹΄‰c‹Ζ,”Β‹΄‹ζ•Xμ’¬‚R[‚U,‚PK,–³—Ώ‚Ε——p‰Β”\,ω‚έϋ^,13119
”Β‹΄‹ζ,‘O–μƒz[ƒ‹,”Β‹΄‹ζ‘O–μ’¬‚Q|‚S‚R|‚P‚T,‚PE‚QK,–³—Ώ‚Ε——p‰Β”\,ω‚έϋ^,13119
”Β‹΄‹ζ,”Β‹΄–{’¬‰w,”Β‹΄‹ζ‘εa’¬‚P‚V|‚P,ƒz[ƒ€,‰w“ΰ‚Ιέ’u,ω‚έϋ^,13119
”Β‹΄‹ζ,‘εa‚Ά‚±‚Ά‚Μ‰Ζ,”Β‹΄‹ζ‘εa’¬‚Q‚U|‚R,ƒƒr[,–³—Ώ‚Ε——p‰Β”\,ω‚έϋ^,13119
—ϋ”n‹ζ,‘ες}‘Ω,—ϋ”n‹ζ‘εςw‰€’¬‚Q|‚Q‚P|‚P‚V,‚PE‚QK,–³—Ώ‚Ε——p‰Β”\,ω‚έϋ^,13120
—ϋ”n‹ζ,ξ‰ΧR}‘Ω,—ϋ”n‹ζ‘ες’¬‚P|‚R|‚P‚W,‚PK,–³—Ώ‚Ε——p‰Β”\,ω‚έϋ^,13120
—ϋ”n‹ζ,’†—Ά‹½“y‚ΜX—Ξ’n,—ϋ”n‹ζ‘ες’¬‚P|‚T‚P|‚Q,‚PK,–³—Ώ‚Ε——p‰Β”\,ω‚έϋ^,13120
—ϋ”n‹ζ,¬’|}‘Ω,—ϋ”n‹ζ¬’|’¬‚Q|‚S‚R|‚P,‚PKƒtƒƒA,–³—Ώ‚Ε——p‰Β”\,ω‚έϋ^,13120
—ϋ”n‹ζ,Ξ_δ}‘Ω,—ϋ”n‹ζΞ_δ‘δ‚P|‚P‚U|‚R‚P,‚PKƒƒr[,–³—Ώ‚Ε——p‰Β”\,ω‚έϋ^,13120
—ϋ”n‹ζ,Ξ_δφ‰€‹ζ–―π—¬ƒZƒ“ƒ^[,—ϋ”n‹ζΞ_δ’¬‚Q|‚P‚S|‚P,‚QE‚RKƒƒr[,–³—Ώ‚Ε——p‰Β”\,ω‚έϋ^,13120
—ϋ”n‹ζ,’j—‹¤“―Q‰ζƒZƒ“ƒ^[‚¦[‚ι,—ϋ”n‹ζΞ_δ’¬‚W|‚P|‚P‚O,‚QK‹‹“’ΊE‚RK‹‹“’Ί,–³—Ώ‚Ε——p‰Β”\,ω‚έϋ^,13120
—ϋ”n‹ζ,Φ’¬}‘Ω,—ϋ”n‹ζΦ’¬“μ‚R|‚P‚P|‚Q,‚QK,–³—Ώ‚Ε——p‰Β”\,ω‚έϋ^,13120
—ϋ”n‹ζ,—ϋ”n‰w,—ϋ”n‹ζ–L‹Κ–k‚T|‚P‚V|‚P‚Q,ƒz[ƒ€,‰w“ΰ‚Ιέ’u,ω‚έϋ^,13120
—ϋ”n‹ζ,—ϋ”n}‘Ωi¶UwKƒZƒ“ƒ^[•Ήέj,—ϋ”n‹ζ–L‹Κ–k‚U|‚W|‚P,‚PK,–³—Ώ‚Ε——p‰Β”\,ω‚έϋ^,13120
—ϋ”n‹ζ,…“Ή‹Η—ϋ”n‰c‹Ζ,—ϋ”n‹ζ’†‘Ί–k‚P|‚X|‚S,‚PK,–³—Ώ‚Ε——p‰Β”\,ω‚έϋ^,13120
—ϋ”n‹ζ,Ρδ}‘Ω,—ϋ”n‹ζΡδ‚P|‚R‚U|‚P‚U,‚PK‚Ύ‚κ‚Ε‚ΰƒgƒCƒ‘O,–³—Ώ‚Ε——p‰Β”\,ω‚έϋ^,13120
—ϋ”n‹ζ,ƒTƒ“ƒ‰ƒCƒt—ϋ”n,—ϋ”n‹ζΡδ‚P|‚R‚U|‚P‚W,‚PKXίΊ‘OE‚RKƒƒr[,–³—Ώ‚Ε——p‰Β”\,ω‚έϋ^,13120
—ϋ”n‹ζ,–L“‡‰€‰w,—ϋ”n‹ζ—ϋ”n‚S|‚P‚S|‚P‚V,ƒz[ƒ€,‰w“ΰ‚Ιέ’u,ω‚έϋ^,13120
—ϋ”n‹ζ,t“ϊ’¬ƒƒTƒCƒNƒ‹ƒZƒ“ƒ^[,—ϋ”n‹ζt“ϊ’¬‚Q|‚P‚S|‚P‚U,‚PKƒRƒ~ƒ…ƒjƒeƒB[ƒR[ƒi[,–³—Ώ‚Ε——p‰Β”\,ω‚έϋ^,13120
—ϋ”n‹ζ,—ϋ”nt“ϊ’¬‰w,—ϋ”n‹ζt“ϊ’¬‚R|‚Q‚X|‚Q‚T,ƒz[ƒ€,‰w“ΰ‚Ιέ’u,ω‚έϋ^,13120
—ϋ”n‹ζ,t“ϊ’¬Β­”NΩ,—ϋ”n‹ζt“ϊ’¬‚S|‚P‚U|‚X,‚PE‚RK,–³—Ώ‚Ε——p‰Β”\,ω‚έϋ^,13120
—ϋ”n‹ζ,t“ϊ’¬}‘Ω,—ϋ”n‹ζt“ϊ’¬‚T|‚R‚P|‚Q|‚Q‚O‚PƒGƒƒ€t“ϊ’¬‚QK,ƒ‰ƒEƒ“ƒWE™“¶ƒR[ƒi[,–³—Ώ‚Ε——p‰Β”\,ω‚έϋ^,13120
—ϋ”n‹ζ,‹ΞJ•ƒ‰οΩ,—ϋ”n‹ζ“‘ες‚T|‚S‚O|‚R‚U,‚PKƒgƒ[ƒjƒ“ƒOΊ‘OE‚QK—Ώ—Ί‘O,–³—Ώ‚Ε——p‰Β”\,ω‚έϋ^,13120
—ϋ”n‹ζ,υ‚‹u‰w,—ϋ”n‹ζυ‚‹u‚Q|‚X|‚T,ƒz[ƒ€,‰w“ΰ‚Ιέ’u,ω‚έϋ^,13120
—ϋ”n‹ζ,υ‚‹u‹ζ–―ƒZƒ“ƒ^[,—ϋ”n‹ζυ‚‹u‚Q|‚X|‚U,‚PE‚QE‚RE‚SE‚TE‚UK,–³—Ώ‚Ε——p‰Β”\,ω‚έϋ^,13120
—ϋ”n‹ζ,υ‚‹u}‘Ω,—ϋ”n‹ζυ‚‹u‚S|‚P|‚T,‚PK“όϋ,–³—Ώ‚Ε——p‰Β”\,ω‚έϋ^,13120
—ϋ”n‹ζ,‰Τ‚Ζ‚έ‚Η‚θ‚Μ‘’k,—ϋ”n‹ζυ‚‹u‚T|‚Q|‚U,‚QK“W¦Ί,–³—Ώ‚Ε——p‰Β”\,ω‚έϋ^,13120
—ϋ”n‹ζ,•½a‘δ}‘Ω,—ϋ”n‹ζ•½a‘δ‚P|‚R‚U|‚P‚W,‹xeƒR[ƒi[E‚±‚Η‚ΰƒR[ƒi[,–³—Ώ‚Ε——p‰Β”\,ω‚έϋ^,13120
—ϋ”n‹ζ,“μ‘εςΒ­”NΩ,—ϋ”n‹ζ“μ‘ες‚P|‚S‚S|‚V,’kbƒz[ƒ‹,–³—Ώ‚Ε——p‰Β”\,ω‚έϋ^,13120
—ϋ”n‹ζ,“μ‘ες}‘Ω,—ϋ”n‹ζ“μ‘ες‚P|‚S‚S|‚V,‚PKƒGƒ“ƒgƒ‰ƒ“ƒXƒz[ƒ‹E‚QKΒ­”NΩ,–³—Ώ‚Ε——p‰Β”\,ω‚έϋ^,13120
—ϋ”n‹ζ,‚±‚Η‚ΰ‚Ζ–{‚Μ‚Π‚λ‚Ξ,—ϋ”n‹ζ“μ‘ες‚R|‚P‚V|‚Q‚O,‚PE‚QK,–³—Ώ‚Ε——p‰Β”\,ω‚έϋ^,13120
—ϋ”n‹ζ,“μ“c’†}‘Ω,—ϋ”n‹ζ“μ“c’†‚T|‚P‚T|‚Q‚Q,‚PK,–³—Ώ‚Ε——p‰Β”\,ω‚έϋ^,13120
‘«—§‹ζ,“‹•“ΉΩ,‘«—§‹ζ»£‚R|‚Q‚O|‚P,’n‰Ί‚PKE‚PK,“όκ—Ώ‚•K—v,ƒ{ƒgƒ‹ƒfƒBƒXƒyƒ“ƒT[^Eω‚έϋ^,13121
‘«—§‹ζ,Ι‹»’nζwKƒZƒ“ƒ^[,‘«—§‹ζΙ‹»‚Q|‚S|‚Q‚Q,‚PE‚QE‚RK,–³—Ώ‚Ε——p‰Β”\,ω‚έϋ^,13121
‘«—§‹ζ,”~“c’nζwKƒZƒ“ƒ^[,‘«—§‹ζ”~“c‚V|‚R‚R|‚P,‚PE‚SK,–³—Ώ‚Ε——p‰Β”\,ω‚έϋ^,13121
‘«—§‹ζ,]–k’nζwKƒZƒ“ƒ^[,‘«—§‹ζ]–k‚R|‚R‚X|‚S,‚PE‚QKL‰Ί,–³—Ώ‚Ε——p‰Β”\,ω‚έϋ^,13121
‘«—§‹ζ,‹»–{‘ΜηΩ,‘«—§‹ζ‹»–μ‚P|‚P‚V|‚V,‚PKL‰ΊE‚QKƒgƒ[ƒjƒ“ƒOƒ‹[ƒ€“ΰ,–³—Ώ‚Ε——p‰Β”\,ω‚έϋ^,13121
‘«—§‹ζ,‹»–{’nζwKƒZƒ“ƒ^[,‘«—§‹ζ‹»–μ‚P|‚P‚W|‚R‚W,‚PKƒƒr[,–³—Ώ‚Ε——p‰Β”\,ω‚έϋ^,13121
‘«—§‹ζ,ƒMƒƒƒ‰ƒNƒVƒeƒB,‘«—§‹ζI΄‚P|‚R|‚P,‚PK––±Ί‘¤ƒgƒCƒ“όϋ,–³—Ώ‚Ε——p‰Β”\,ω‚έϋ^,13121
‘«—§‹ζ,“ss”_‹Ζφ‰€,‘«—§‹ζ­•l‚Q|‚S‚S|‚P,“ss”_‹Ζπ—¬Ω‚PK,–³—Ώ‚Ε——p‰Β”\,ω‚έϋ^,13121
‘«—§‹ζ,²–μ’nζwKƒZƒ“ƒ^[,‘«—§‹ζ²–μ‚Q|‚S‚R|‚T,‚QK,–³—Ώ‚Ε——p‰Β”\,ω‚έϋ^,13121
‘«—§‹ζ,’†‰›}‘Ω,‘«—§‹ζηZ‚T|‚P‚R|‚T,‚PE‚QE‚RK,–³—Ώ‚Ε——p‰Β”\,ω‚έϋ^,13121
‘«—§‹ζ,’|‚Μ’Λ’nζwKƒZƒ“ƒ^[,‘«—§‹ζ’|‚Μ’Λ‚Q|‚Q‚T|‚P‚V,‚PK,–³—Ώ‚Ε——p‰Β”\,ω‚έϋ^,13121
‘«—§‹ζ,…“Ή‹Η‘«—§‰c‹Ζ,‘«—§‹ζ’†‰›–{’¬‚R|‚W|‚Q,‚PK,–³—Ώ‚Ε——p‰Β”\,ω‚έϋ^,13121
‘«—§‹ζ,’†‰›–{’¬’nζwKƒZƒ“ƒ^[,‘«—§‹ζ’†‰›–{’¬‚R|‚P‚T|‚P,‚PK,–³—Ώ‚Ε——p‰Β”\,ω‚έϋ^,13121
‘«—§‹ζ,Ιl’nζwKƒZƒ“ƒ^[,‘«—§‹ζΙl‚P|‚R|‚Q‚U,‚PE‚QK,–³—Ώ‚Ε——p‰Β”\,ω‚έϋ^,13121
‘«—§‹ζ,V“c’nζwKƒZƒ“ƒ^[,‘«—§‹ζV“c‚Q|‚Q|‚Q,‚QK,–³—Ώ‚Ε——p‰Β”\,ω‚έϋ^,13121
‘«—§‹ζ,‰Τ”¨’nζwKƒZƒ“ƒ^[,‘«—§‹ζ‰Τ”¨‚S|‚P‚U|‚W,‚PK,–³—Ώ‚Ε——p‰Β”\,ω‚έϋ^,13121
‘«—§‹ζ,¶•¨‰€,‘«—§‹ζ•Ϋ–ΨΤ‚Q|‚P‚V|‚P,‚PK,“όκ—Ώ‚•K—v,ω‚έϋ^,13121
‘«—§‹ζ,•Ϋ’Λ’nζwKƒZƒ“ƒ^[,‘«—§‹ζ•Ϋ’Λ’¬‚V|‚P‚U,‚PE‚QK,–³—Ώ‚Ε——p‰Β”\,ω‚έϋ^,13121
‹ό‹ζ,ΒΛ’n‹ζƒZƒ“ƒ^[,‹ό‹ζΒΛ‚T|‚Q‚O|‚U,‚QE‚RE‚SK,–³—Ώ‚Ε——p‰Β”\,ω‚έϋ^,13122
‹ό‹ζ,ΒΛ’†‰›e‚Άπ—¬Ω,‹ό‹ζΒΛ‚U|‚P‚U|‚P‚Q,‚PK,–³—Ώ‚Ε——p‰Β”\,ω‚έϋ^,13122
‹ό‹ζ,ƒeƒNƒmƒvƒ‰ƒU‚©‚Β‚µ‚©i‹ό‹ζ’nζY‹ΖU‹»‰οΩj,‹ό‹ζΒΛ‚V[‚Q[‚P,‚QK,–³—Ώ‚Ε——p‰Β”\,ω‚έϋ^,13122
‹ό‹ζ,Ό‰Λe‚Άπ—¬Ω,‹ό‹ζ‰Λ‚P|‚P‚Q|‚P,‚PK,–³—Ώ‚Ε——p‰Β”\,ω‚έϋ^,13122
‹ό‹ζ,‰Λ‘‡ƒXƒ|[ƒcƒZƒ“ƒ^[‘ΜηΩ,‹ό‹ζ‰Λ‚V|‚P‚V|‚P,‚PE‚QK,–³—Ώ‚Ε——p‰Β”\,ω‚έϋ^,13122
‹ό‹ζ,‹T—Lw‚Ρπ—¬Ω,‹ό‹ζ‚¨‰Τ’ƒ‰®‚R|‚T|‚U,‚PK,–³—Ώ‚Ε——p‰Β”\,ω‚έϋ^,13122
‹ό‹ζ,––Le‚Άπ—¬Ω,‹ό‹ζ‹ΰ’¬‚T|‚S|‚P,‚PK,–³—Ώ‚Ε——p‰Β”\,ω‚έϋ^,13122
‹ό‹ζ,™‘qe‚Άπ—¬Ω,‹ό‹ζ™‘q‚Q|‚U|‚Q‚O,‚PK,–³—Ώ‚Ε——p‰Β”\,ω‚έϋ^,13122
‹ό‹ζ,¬›e‚Άπ—¬Ω,‹ό‹ζ¬›‚R|‚U|‚P,‚PK,–³—Ώ‚Ε——p‰Β”\,ω‚έϋ^,13122
‹ό‹ζ,Δ–”w‚Ρπ—¬Ω,‹ό‹ζΔ–”‚T|‚R‚R|‚W,‚PE‚QE‚RK,–³—Ώ‚Ε——p‰Β”\,ω‚έϋ^,13122
‹ό‹ζ,”’’Ήe‚Άπ—¬Ω,‹ό‹ζ”’’Ή‚R|‚R‚Q|‚U,‚PK,–³—Ώ‚Ε——p‰Β”\,ω‚έϋ^,13122
‹ό‹ζ,V¬β’n‹ζƒZƒ“ƒ^[,‹ό‹ζV¬β‚Q|‚P‚V|‚P,‚QK,–³—Ώ‚Ε——p‰Β”\,ω‚έϋ^,13122
‹ό‹ζ,Vhe‚Άπ—¬Ω,‹ό‹ζVh‚P|‚T|‚U,‚PK,–³—Ώ‚Ε——p‰Β”\,ω‚έϋ^,13122
‹ό‹ζ,‰Λ‘‡ƒXƒ|[ƒcƒZƒ“ƒ^[‰·…ƒv[ƒ‹Ω,‹ό‹ζ‚»‚P|‚Q|‚P,‚PE‚QK,–³—Ώ‚Ε——p‰Β”\,ω‚έϋ^,13122
‹ό‹ζ,‚»’n‹ζƒZƒ“ƒ^[,‹ό‹ζ‚»‚R|‚P|‚R‚X,‚PE‚QE‚RK,–³—Ώ‚Ε——p‰Β”\,ω‚έϋ^,13122
‹ό‹ζ,l‚Β–Ψ’n‹ζƒZƒ“ƒ^[,‹ό‹ζ•σ’¬‚P|‚P|‚Q‚Q,‚PK,–³—Ώ‚Ε——p‰Β”\,ω‚έϋ^,13122
‹ό‹ζ,•σ’¬e‚Άπ—¬Ω,‹ό‹ζ•σ’¬‚Q|‚R‚W|‚P‚X,‚PK,–³—Ώ‚Ε——p‰Β”\,ω‚έϋ^,13122
‹ό‹ζ,…“Ή‹Η‹ό‰c‹Ζ,‹ό‹ζ—§Ξ‚W|‚P‚V|‚S,‚PK,–³—Ώ‚Ε——p‰Β”\,ω‚έϋ^,13122
‹ό‹ζ,’†“Ήe‚Άπ—¬Ω,‹ό‹ζΌ‹T—L‚P|‚Q|‚V,‚PK,–³—Ώ‚Ε——p‰Β”\,ω‚έϋ^,13122
‹ό‹ζ,»΄e‚Άπ—¬Ω,‹ό‹ζΌ‹T—L‚R|‚P‚Q|‚P,‚PK,–³—Ώ‚Ε——p‰Β”\,ω‚έϋ^,13122
‹ό‹ζ,‚½‚Β‚έe‚Άπ—¬Ω,‹ό‹ζΌV¬β‚Q|‚P|‚S,‚PK,–³—Ώ‚Ε——p‰Β”\,ω‚έϋ^,13122
‹ό‹ζ,V¬βw‚Ρπ—¬Ω,‹ό‹ζΌV¬β‚S|‚R‚R|‚P‚O,‚QK,–³—Ώ‚Ε——p‰Β”\,ω‚έϋ^,13122
‹ό‹ζ,“‹ΰ’¬e‚Άπ—¬Ω,‹ό‹ζ“‹ΰ’¬‚T|‚Q‚Q|‚P‚W,‚PK,–³—Ώ‚Ε——p‰Β”\,ω‚έϋ^,13122
‹ό‹ζ,V¬β–k’n‹ζƒZƒ“ƒ^[,‹ό‹ζ“V¬β‚U|‚Q‚P|‚P,‚PK,–³—Ώ‚Ε——p‰Β”\,ω‚έϋ^,13122
‹ό‹ζ,“—§Ξ’n‹ζƒZƒ“ƒ^[,‹ό‹ζ“—§Ξ‚Q|‚P‚T|‚V,‚PK,–³—Ώ‚Ε——p‰Β”\,ω‚έϋ^,13122
‹ό‹ζ,“l‚Β–Ψ’n‹ζƒZƒ“ƒ^[,‹ό‹ζ“l‚Β–Ψ‚P|‚Q‚O|‚S,‚PK,–³—Ώ‚Ε——p‰Β”\,ω‚έϋ^,13122
‹ό‹ζ,a]e‚Άπ—¬Ω,‹ό‹ζ“l‚Β–Ψ‚Q|‚P‚T|‚P‚P,‚PK,–³—Ώ‚Ε——p‰Β”\,ω‚έϋ^,13122
‹ό‹ζ,–xΨe‚Άπ—¬Ω,‹ό‹ζ–xΨ‚P|‚Q‚R|‚U,‚PK,–³—Ώ‚Ε——p‰Β”\,ω‚έϋ^,13122
‹ό‹ζ,–xΨ’n‹ζƒZƒ“ƒ^[,‹ό‹ζ–xΨ‚R|‚W|‚T,‚PK,–³—Ώ‚Ε——p‰Β”\,ω‚έϋ^,13122
‹ό‹ζ,…³‘‡ƒXƒ|[ƒcƒZƒ“ƒ^[,‹ό‹ζ…³‚P|‚Q‚R|‚P,‚PE‚QE‚RKEƒv[ƒ‹“ΰ,κ•”“όκ—Ώ‚•K—v,ƒ{ƒgƒ‹ƒfƒBƒXƒyƒ“ƒT[^Eω‚έϋ^,13122
‹ό‹ζ,…³e‚Άπ—¬Ω,‹ό‹ζ…³‚S|‚U|‚P‚T,‚PK,–³—Ώ‚Ε——p‰Β”\,ω‚έϋ^,13122
‹ό‹ζ,…³w‚Ρπ—¬Ω,‹ό‹ζ“μ…³‚Q|‚P‚R|‚P,‚PE‚RK,–³—Ώ‚Ε——p‰Β”\,ω‚έϋ^,13122
]Λμ‹ζ,κ”V]ƒRƒ~ƒ…ƒjƒeƒB‰οΩ,]Λμ‹ζκ”V]‚Q|‚U|‚P‚T,‚PK,–³—Ώ‚Ε——p‰Β”\,ω‚έϋ^,13123
]Λμ‹ζ,‹¤ηƒvƒ‰ƒUκ”V],]Λμ‹ζκ”V]‚R|‚P‚R|‚V,‚PE‚QK,–³—Ώ‚Ε——p‰Β”\,ω‚έϋ^,13123
]Λμ‹ζ,ƒRƒ~ƒ…ƒjƒeƒBƒvƒ‰ƒUκ”V],]Λμ‹ζκ”V]‚V|‚R‚T|‚Q‚Q,‚SK,–³—Ώ‚Ε——p‰Β”\,ω‚έϋ^,13123
]Λμ‹ζ,κ”V]‰w,]Λμ‹ζκ”V]‚W|‚P‚S|‚P@,ƒz[ƒ€,‰w“ΰ‚Ιέ’u,ω‚έϋ^,13123
]Λμ‹ζ,“•”}‘Ω,]Λμ‹ζ]Λμ‚Q|‚R‚T|‚U,‚PKƒGƒ“ƒgƒ‰ƒ“ƒX,–³—Ώ‚Ε——p‰Β”\,ω‚έϋ^,13123
]Λμ‹ζ,]ΛμƒRƒ~ƒ…ƒjƒeƒB‰οΩ,]Λμ‹ζ]Λμ‚Q|‚W,‚PK,–³—Ώ‚Ε——p‰Β”\,ω‚έϋ^,13123
]Λμ‹ζ,“ρ”V]ƒRƒ~ƒ…ƒjƒeƒB‰οΩ,]Λμ‹ζ]Λμ‚U|‚S‚U,‚PKƒz[ƒ‹E‚QK,–³—Ώ‚Ε——p‰Β”\,ω‚έϋ^,13123
]Λμ‹ζ,γκFƒRƒ~ƒ…ƒjƒeƒBƒZƒ“ƒ^[,]Λμ‹ζγκF‚Q|‚U|‚P‚O,‚PKƒƒr[,–³—Ώ‚Ε——p‰Β”\,ω‚έϋ^,13123
]Λμ‹ζ,ΒθƒRƒ~ƒ…ƒjƒeƒB‰οΩ,]Λμ‹ζγΒθ‚S|‚Q‚P|‚W,‚PE‚QK,–³—Ώ‚Ε——p‰Β”\,ω‚έϋ^,13123
]Λμ‹ζ,–k‹ΌƒRƒ~ƒ…ƒjƒeƒB‰οΩ,]Λμ‹ζ–k‹Ό‚Q|‚P‚P|‚R‚X,‚PK,–³—Ώ‚Ε——p‰Β”\,ω‚έϋ^,13123
]Λμ‹ζ,¬βƒA[ƒoƒ“ƒvƒ‰ƒU,]Λμ‹ζ–k¬β‚P|‚P‚V|‚P,‚PKƒƒr[E‚RKƒƒr[,–³—Ώ‚Ε——p‰Β”\,ω‚έϋ^,13123
]Λμ‹ζ,–k¬βƒRƒ~ƒ…ƒjƒeƒB‰οΩ,]Λμ‹ζ–k¬β‚U|‚R‚T|‚P‚V,‚PE‚QKƒƒr[,–³—Ώ‚Ε——p‰Β”\,ω‚έϋ^,13123
]Λμ‹ζ,¬Όμ‚³‚­‚ηƒz[ƒ‹,]Λμ‹ζ¬Όμ‚R|‚U|‚R,‚PE‚QE‚RE‚SE‚TK,–³—Ώ‚Ε——p‰Β”\,ω‚έϋ^,13123
]Λμ‹ζ,­‹ζ–―Ω,]Λμ‹ζ­‚P|‚T‚S|‚Q,‚QKiƒƒr[E‚­‚Β‚λ‚¬‚ΜΤj,–³—Ώ‚Ε——p‰Β”\,ω‚έϋ^,13123
]Λμ‹ζ,Βθ•¶‰»ƒvƒ‰ƒU,]Λμ‹ζΒθ’¬‚V|‚Q‚O|‚P‚X,‚RK,–³—Ώ‚Ε——p‰Β”\,ω‚έϋ^,13123
]Λμ‹ζ,Βθ‰w,]Λμ‹ζΒθ’¬‚V|‚Q‚V|‚P,ƒz[ƒ€,‰w“ΰ‚Ιέ’u,ω‚έϋ^,13123
]Λμ‹ζ,ΒθƒRƒ~ƒ…ƒjƒeƒBƒz[ƒ‹,]Λμ‹ζΒθ’¬‚V|‚Q‚V|‚Pπ’Κ‰οΩΒθƒrƒ‹,‚TK,–³—Ώ‚Ε——p‰Β”\,ω‚έϋ^,13123
]Λμ‹ζ,΄V’¬ƒRƒ~ƒ…ƒjƒeƒB‰οΩ,]Λμ‹ζ΄V’¬‚P|‚Q|‚Q,‚PKƒƒr[,–³—Ώ‚Ε——p‰Β”\,ω‚έϋ^,13123
]Λμ‹ζ,—¤γ‹£‹Zκ,]Λμ‹ζ΄V’¬‚Q|‚P|‚O,ƒƒr[,–³—Ώ‚Ε——p‰Β”\,ƒ{ƒgƒ‹ƒfƒBƒXƒyƒ“ƒT[^,13123
]Λμ‹ζ,’†‰›}‘Ω,]Λμ‹ζ’†‰›‚R|‚P|‚R,‚PE‚SK,–³—Ώ‚Ε——p‰Β”\,ω‚έϋ^,13123
]Λμ‹ζ,‘‡•¶‰»ƒZƒ“ƒ^[,]Λμ‹ζ’†‰›‚S|‚P‚S|‚P,‚PK,–³—Ώ‚Ε——p‰Β”\,ω‚έϋ^,13123
]Λμ‹ζ,‹Ό‹ζ–―Ω,]Λμ‹ζ’†‹Ό‚R|‚P‚O|‚P,‚RKE‚SKƒz[ƒ‹,–³—Ώ‚Ε——p‰Β”\,ω‚έϋ^,13123
]Λμ‹ζ,V“cƒRƒ~ƒ…ƒjƒeƒB‰οΩ,]Λμ‹ζ’†‹Ό‚V|‚P‚V|‚P,‚PKƒƒr[,–³—Ώ‚Ε——p‰Β”\,ω‚έϋ^,13123
]Λμ‹ζ,ƒXƒ|[ƒcƒZƒ“ƒ^[,]Λμ‹ζΌ‹Ό‚S|‚Q|‚Q‚O,‚PE‚QE‚RK,–³—Ώ‚Ε——p‰Β”\,ƒ{ƒgƒ‹ƒfƒBƒXƒyƒ“ƒT[^,13123
]Λμ‹ζ,Ό‹Ό}‘Ω,]Λμ‹ζΌ‹Ό‚T|‚P‚O|‚S‚V,‚PKƒgƒCƒ‘O,–³—Ώ‚Ε——p‰Β”\,ω‚έϋ^,13123
]Λμ‹ζ,]Λμ‹ζ‹…κ,]Λμ‹ζΌ‹Ό‚V|‚Q|‚P,‹‹“’Ί,–³—Ώ‚Ε——p‰Β”\,ω‚έϋ^,13123
]Λμ‹ζ,Ό¬βƒRƒ~ƒ…ƒjƒeƒB‰οΩ,]Λμ‹ζΌ¬β‚S|‚R|‚Q‚Q,‚PE‚QKƒƒr[,–³—Ώ‚Ε——p‰Β”\,ω‚έϋ^,13123
]Λμ‹ζ,]ƒRƒ~ƒ…ƒjƒeƒB‰οΩ,]Λμ‹ζΌ]‚R|‚P‚W|‚P,‚PK,–³—Ώ‚Ε——p‰Β”\,ω‚έϋ^,13123
]Λμ‹ζ,’·“‡KμƒRƒ~ƒ…ƒjƒeƒB‰οΩ,]Λμ‹ζ“‹Ό‚T|‚R‚P|‚P‚W,‚PE‚QE‚RK,–³—Ώ‚Ε——p‰Β”\,ω‚έϋ^,13123
]Λμ‹ζ,“‹ΌƒRƒ~ƒ…ƒjƒeƒB‰οΩ,]Λμ‹ζ“‹Ό‚W|‚Q‚Q|‚P,‚PKƒƒr[E‚RKƒƒr[,–³—Ώ‚Ε——p‰Β”\,ω‚έϋ^,13123
]Λμ‹ζ,¬β}‘Ω,]Λμ‹ζ“¬β‚R|‚U|‚X,‚PE‚QE‚RE‚SK,–³—Ώ‚Ε——p‰Β”\,ω‚έϋ^,13123
]Λμ‹ζ,¬β‹ζ–―Ω,]Λμ‹ζ“¬β‚U|‚X|‚P‚S,‚PK––±‘‡ΊE‚Q`‚SKƒƒr[,–³—Ώ‚Ε——p‰Β”\,ω‚έϋ^,13123
]Λμ‹ζ,ƒXƒ|[ƒcƒ‰ƒ“ƒh,]Λμ‹ζ“Βθ‚P|‚W|‚P,‚PKƒz[ƒ‹,–³—Ώ‚Ε——p‰Β”\,ω‚έϋ^,13123
]Λμ‹ζ,“•”‹ζ–―Ω,]Λμ‹ζ“]‚P|‚P‚V|‚P,‚PE‚QK,–³—Ώ‚Ε——p‰Β”\,ω‚έϋ^,13123
]Λμ‹ζ,¬Όμ}‘Ω,]Λμ‹ζ•½δ‚P|‚P‚P|‚Q‚U,K’i—x‚θκi‚P`‚QKE‚Q`‚RKj,–³—Ώ‚Ε——p‰Β”\,ω‚έϋ^,13123
]Λμ‹ζ,¬Όμ‹ζ–―Ω,]Λμ‹ζ•½δ‚S|‚P|‚P,‚PE‚RK,–³—Ώ‚Ε——p‰Β”\,ω‚έϋ^,13123
]Λμ‹ζ,•½δƒRƒ~ƒ…ƒjƒeƒB‰οΩ,]Λμ‹ζ•½δ‚S|‚P‚W|‚P‚O,‚PK,–³—Ώ‚Ε——p‰Β”\,ω‚έϋ^,13123
]Λμ‹ζ,’†•½δƒRƒ~ƒ…ƒjƒeƒB‰οΩ,]Λμ‹ζ•½δ‚V|‚P|‚U,‚PE‚QK,–³—Ώ‚Ε——p‰Β”\,ω‚έϋ^,13123
]Λμ‹ζ,‘D–xƒRƒ~ƒ…ƒjƒeƒB‰οΩ,]Λμ‹ζ‘D–x‚P|‚R|‚P,‚QE‚RK,–³—Ώ‚Ε——p‰Β”\,ω‚έϋ^,13123
]Λμ‹ζ,‘D–x‰w,]Λμ‹ζ‘D–x‚R|‚U|‚P,ƒz[ƒ€,‰w“ΰ‚Ιέ’u,ω‚έϋ^,13123
]Λμ‹ζ,ƒ^ƒ[ƒz[ƒ‹‘D–x,]Λμ‹ζ‘D–x‚S|‚P|‚P,‚PE‚QE‚RE‚SE‚TE‚UK,–³—Ώ‚Ε——p‰Β”\,ω‚έϋ^,13123
]Λμ‹ζ,Vμ‚³‚­‚ηΩ,]Λμ‹ζ‘D–x‚V|‚P‚T|‚P‚Q,‚PKƒƒr[,–³—Ώ‚Ε——p‰Β”\,ω‚έϋ^,13123
]Λμ‹ζ,Ό]‹ζ–―ƒvƒ‰ƒU,]Λμ‹ζΌ]‚Q|‚P|‚P‚O,‚PE‚QK,–³—Ώ‚Ε——p‰Β”\,ω‚έϋ^,13123
]Λμ‹ζ,…“Ή‹Η]Λμ‰c‹Ζ,]Λμ‹ζΌ]‚T|‚S|‚P‚Q,‚PK,–³—Ώ‚Ε——p‰Β”\,ω‚έϋ^,13123
]Λμ‹ζ,Ό]ƒRƒ~ƒ…ƒjƒeƒB‰οΩ,]Λμ‹ζΌ]‚V|‚T|‚P‚Q,‚PE‚RK,–³—Ώ‚Ε——p‰Β”\,ω‚έϋ^,13123
]Λμ‹ζ,ƒOƒ[ƒ“ƒpƒƒX,]Λμ‹ζΌ“‡‚P|‚R‚W|‚P,VΩ‚QKƒƒr[E‚RKƒƒr[E‚SKƒƒr[,–³—Ώ‚Ε——p‰Β”\,ω‚έϋ^,13123
]Λμ‹ζ,‘‡‘ΜηΩ,]Λμ‹ζΌ–{‚P|‚R‚T|‚P,‘Μη“‚PE‚QKEƒv[ƒ‹“‚PKEƒA[ƒ`ƒFƒ[κ‚PK,–³—Ώ‚Ε——p‰Β”\,ω‚έϋ^,13123
]Λμ‹ζ,]‰w,]Λμ‹ζ]‚Q|‚Q|‚P,ƒz[ƒ€,‰w“ΰ‚Ιέ’u,ω‚έϋ^,13123
]Λμ‹ζ,“•”ƒtƒƒ“ƒhƒz[ƒ‹,]Λμ‹ζ]‚Q|‚T|‚V,‚SE‚TK,–³—Ώ‚Ε——p‰Β”\,ω‚έϋ^,13123
]Λμ‹ζ,“μ‹Ό‰οΩ,]Λμ‹ζ“μ‹Ό‚U|‚W|‚X,‚PE‚SK,–³—Ώ‚Ε——p‰Β”\,ω‚έϋ^,13123
]Λμ‹ζ,“μ¬βƒRƒ~ƒ…ƒjƒeƒB‰οΩ,]Λμ‹ζ“μ¬β‚V|‚P‚V|‚P‚O,‚PE‚QKƒƒr[,–³—Ώ‚Ε——p‰Β”\,ω‚έϋ^,13123
]Λμ‹ζ,—ΥC‹…‹Zκ,]Λμ‹ζ—ΥC’¬‚P|‚P|‚Q,Η—“‰΅’ΚH,–³—Ώ‚Ε——p‰Β”\,ω‚έϋ^,13123
]Λμ‹ζ,—ΥC’¬ƒRƒ~ƒ…ƒjƒeƒB‰οΩ,]Λμ‹ζ—ΥC’¬‚Q|‚Q|‚X,‚PK,–³—Ώ‚Ε——p‰Β”\,ω‚έϋ^,13123
”‰¤qs,w‰€“ssƒZƒ“ƒ^[,”‰¤qs®’¬‚X|‚P”‰¤qƒXƒNƒGƒAƒrƒ‹‚P‚PK,‚P‚QK,–³—Ώ‚Ε——p‰Β”\,ω‚έϋ^,13201
”‰¤qs,¶UwKƒZƒ“ƒ^[iƒNƒƒGƒCƒgƒz[ƒ‹j,”‰¤qs“’¬‚T|‚U,’n‰Ί‚PKE‚P`‚VE‚P‚OE‚P‚PK,–³—Ώ‚Ε——p‰Β”\,ω‚έϋ^,13201
”‰¤qs,¶UwKƒZƒ“ƒ^[}‘Ω,”‰¤qs“’¬‚T|‚UƒNƒƒGƒCƒgƒz[ƒ‹“ΰ,‚QE‚RK,–³—Ώ‚Ε——p‰Β”\,ω‚έϋ^,13201
”‰¤qs,Ξμs–―ƒZƒ“ƒ^[,”‰¤qsΞμ’¬‚S‚R‚W,ƒZƒ“ƒ^[ΊΦƒz[ƒ‹,–³—Ώ‚Ε——p‰Β”\,ω‚έϋ^,13201
”‰¤qs,Ξμ––±,”‰¤qsΞμ’¬‚S‚W‚P,‚PKƒƒr[,–³—Ώ‚Ε——p‰Β”\,ω‚έϋ^,13201
”‰¤qs,‘ε‰΅•Ϋ’•ƒƒZƒ“ƒ^[,”‰¤qs‘ε‰΅’¬‚P‚P[‚R‚T,‚PK’nζπ—¬Eξ•ρƒXƒy[ƒX,–³—Ώ‚Ε——p‰Β”\,ω‚έϋ^,13201
”‰¤qs,ƒRƒjƒJƒ~ƒmƒ‹ƒ^ ƒTƒCƒGƒ“ƒXƒh[ƒ€i”‰¤qs‚±‚Η‚ΰ‰ΘwΩj,”‰¤qs‘ε‰΅’¬‚X|‚P‚R,‚PE‚QK,“όκ—Ώ‚•K—v,ω‚έϋ^,13201
”‰¤qs,‘εa“cs–―ƒZƒ“ƒ^[,”‰¤qs‘εa“c’¬‚T|‚X|‚P,‚QK‘ΜηΊ‘O,–³—Ώ‚Ε——p‰Β”\,ω‚έϋ^,13201
”‰¤qs,—R–Ψ“s–―ƒZƒ“ƒ^[,”‰¤qs­“‡‚P‚P‚P|‚P,‘ΜηΊE––±σ•t‘O’ΚH,–³—Ώ‚Ε——p‰Β”\,ω‚έϋ^,13201
”‰¤qs,‰ΑZs–―ƒZƒ“ƒ^[,”‰¤qs‰ΑZ’¬‚P|‚R‚R‚W,‚PK@’ΚH@––±‘O,–³—Ώ‚Ε——p‰Β”\,ω‚έϋ^,13201
”‰¤qs,—Rδs–―ƒZƒ“ƒ^[,”‰¤qs•Π‘q‚V‚O‚Q|‚P,‚PK‹‹“’Ί‘O,–³—Ώ‚Ε——p‰Β”\,ω‚έϋ^,13201
”‰¤qs,—Rδ––±,”‰¤qs•Π‘q’¬‚P‚P‚X|‚S,‚PKƒƒr[,–³—Ώ‚Ε——p‰Β”\,ω‚έϋ^,13201
”‰¤qs,³”‰¤qs–―ƒZƒ“ƒ^[,”‰¤qsγλ••ϋ’¬‚V‚S‚V|‚P,‰ο‹cΊ‚Q“ό‚θϋ•t‹ί,–³—Ώ‚Ε——p‰Β”\,ω‚έϋ^,13201
”‰¤qs,—[‚β‚―¬‚β‚―‚Σ‚κ‚ ‚Ά‚Μ—Ά,”‰¤qsγ‰¶•ϋ’¬‚Q‚O‚R‚O,‚Σ‚κ‚ ‚ΆΩ@‘Ό,“όκ—Ώ‚•K—v,ω‚έϋ^,13201
”‰¤qs,μϋs–―ƒZƒ“ƒ^[,”‰¤qsμϋ’¬‚R‚W‚R‚W,‚PK‘ΜηΊ‘O,–³—Ώ‚Ε——p‰Β”\,ω‚έϋ^,13201
”‰¤qs,μϋ‚β‚ά‚δ‚θΩ,”‰¤qsμϋ’¬‚R‚W‚R‚W,"‚PKs–―ƒZƒ“ƒ^[ƒƒr[
‚PK}‘Ω™“¶ƒR[ƒi[
‚QK¶UwKƒZƒ“ƒ^[ƒƒr[",–³—Ώ‚Ε——p‰Β”\,ω‚έϋ^,13201
”‰¤qs,¶UwKƒZƒ“ƒ^[μϋ•Ω,”‰¤qsμϋ’¬‚R‚W‚R‚W,‚QK,–³—Ώ‚Ε——p‰Β”\,ω‚έϋ^,13201
”‰¤qs,–k–μ––±,”‰¤qs–k–μ’¬‚T‚S‚X|‚T,‚PKƒƒr[,–³—Ώ‚Ε——p‰Β”\,ω‚έϋ^,13201
”‰¤qs,‰΅R“μs–―ƒZƒ“ƒ^[,”‰¤qs­“c’¬‚P‚R‚V[‚R,‚PKƒƒr[,–³—Ώ‚Ε——p‰Β”\,ω‚έϋ^,13201
”‰¤qs,qΐs–―ƒZƒ“ƒ^[,”‰¤qsqΐ’¬‚Q|‚U|‚P,‚QK‘ΜηΊ‘O,–³—Ώ‚Ε——p‰Β”\,ω‚έϋ^,13201
”‰¤qs,”‰¤q‰w“μϋ‘‡––±,”‰¤qsqΐ’¬‚S[‚V|‚PƒTƒUƒ“ƒXƒJƒCƒ^ƒ[”‰¤q‚SK,––±“ΰ,–³—Ώ‚Ε——p‰Β”\,ω‚έϋ^,13201
”‰¤qs,—R–Ψ’†‰›s–―ƒZƒ“ƒ^[,”‰¤qs‰Ί—M–Ψ‚Q|‚P‚O|‚U,ΊΦ•—Ί,–³—Ώ‚Ε——p‰Β”\,ω‚έϋ^,13201
”‰¤qs,’†‰›}‘Ω,”‰¤qsηl’¬‚R|‚R|‚U,‚PK,–³—Ώ‚Ε——p‰Β”\,ω‚έϋ^,13201
”‰¤qs,‘δ’¬s–―ƒZƒ“ƒ^[,”‰¤qs‘δ’¬‚R|‚Q‚P‚O|‚P,‚QK‘ΜηΊ“όϋ,–³—Ώ‚Ε——p‰Β”\,ω‚έϋ^,13201
”‰¤qs,σμs–―ƒZƒ“ƒ^[,”‰¤qs‚”φ’¬‚P‚U‚T‚Q|‚P,‚PKƒƒr[,–³—Ώ‚Ε——p‰Β”\,ω‚έϋ^,13201
”‰¤qs,Λ“’‚Α‚½‚θΩ,”‰¤qsΛ‚P‚V‚X‚W,’j—e’Eί,“όκ—Ώ‚•K—v,ω‚έϋ^,13201
”‰¤qs,’†–μs–―ƒZƒ“ƒ^[,”‰¤qs’†–μ’¬‚Q‚V‚Q‚U|‚V,‚PK‘ΜηΊ“όϋ,–³—Ώ‚Ε——p‰Β”\,ω‚έϋ^,13201
”‰¤qs,”‰¤qsb‚Μ΄‘ΜηΩ,”‰¤qs’†–μ’¬‚Q‚V‚Q‚U|‚W,‚PE‚QK,–³—Ώ‚Ε——p‰Β”\,ω‚έϋ^,13201
”‰¤qs,’·–[s–―ƒZƒ“ƒ^[,”‰¤qs’·–[’¬‚T‚O‚U|‚Q,‚PKƒz[ƒ‹,–³—Ώ‚Ε——p‰Β”\,ω‚έϋ^,13201
”‰¤qs,‰΅R––±,”‰¤qs•ΐ–Ψ’¬‚P‚T|‚P‚T,‚PK,–³—Ώ‚Ε——p‰Β”\,ω‚έϋ^,13201
”‰¤qs,‰¶•ϋs–―ƒZƒ“ƒ^[,”‰¤qsΌ›•ϋ’¬‚Q‚U‚O|‚S,ƒƒr[K’i‘O,–³—Ώ‚Ε——p‰Β”\,ω‚έϋ^,13201
”‰¤qs,“σμ•Ϋ’•ƒƒZƒ“ƒ^[,”‰¤qs“σμ’¬‚T‚T‚P|‚P,‚QK,–³—Ώ‚Ε——p‰Β”\,ω‚έϋ^,13201
”‰¤qs,ρ“s‘εw“‹“μ‘ε‘ςƒLƒƒƒ“ƒpƒX}‘Ω,”‰¤qs“μ‘ε‘ς‚P|‚P,‚QE‚RK,–³—Ώ‚Ε——p‰Β”\,ω‚έϋ^,13201
”‰¤qs,“μ‘ε‘ς––±,”‰¤qs“μ‘ε‘ς‚Q|‚Q‚V@ƒtƒƒXƒR“μ‘ε‘ς1K,‚PK@,–³—Ώ‚Ε——p‰Β”\,ω‚έϋ^,13201
”‰¤qs,¶UwKƒZƒ“ƒ^[“μ‘ε‘ς•Ω,”‰¤qs“μ‘ε‘ς‚Q|‚Q‚V,‚QK,–³—Ώ‚Ε——p‰Β”\,ω‚έϋ^,13201
”‰¤qs,“μ‘ε‘ςs–―ƒZƒ“ƒ^[,”‰¤qs“μ‘ε‘ς‚Q|‚Q‚V,φ‹¤“‚RK@ƒƒr[f¦”Β‘O,–³—Ώ‚Ε——p‰Β”\,ω‚έϋ^,13201
”‰¤qs,“μ‘ε‘ς•¶‰»‰οΩ,”‰¤qs“μ‘ε‘ς‚Q|‚Q‚V,‚PK@s–―ƒƒr[,–³—Ώ‚Ε——p‰Β”\,ω‚έϋ^,13201
”‰¤qs,“μ‘ε‘ς•Ϋ’•ƒƒZƒ“ƒ^[,"”‰¤qs“μ‘ε‘ς‚Q|‚Q‚V
“μ‘ε‘ς‘‡ƒZƒ“ƒ^[‚PK",ƒZƒ“ƒ^[,–³—Ώ‚Ε——p‰Β”\,ω‚έϋ^,13201
”‰¤qs,“μ‘ε‘ς}‘Ω,”‰¤qs“μ‘ε‘ς‚Q|‚Q‚VƒtƒƒXƒR“μ‘ε‘ς’n‰Ί‚PK,’n‰Ί‚PK,–³—Ώ‚Ε——p‰Β”\,ω‚έϋ^,13201
”‰¤qs,ƒKƒƒƒAEƒ†ƒMiƒCƒg[ƒ[ƒJƒh[“μ‘ε‘ς“Xj,”‰¤qs“μ‘ε‘ς‚Q|‚Q‚W|‚P,‚PE‚QE‚RE‚SE‚TK,–³—Ώ‚Ε——p‰Β”\,ω‚έϋ^,13201
”‰¤qs,”‰¤qs–π,”‰¤qs³–{‹½’¬‚R|‚Q‚S|‚P,’n‰Ί‚PKE‚PK,–³—Ώ‚Ε——p‰Β”\,ω‚έϋ^,13201
—§μs,—«‘‡ƒZƒ“ƒ^[EƒAƒCƒ€,—§μs’¬‚Q|‚R‚U|‚Qƒtƒ@[ƒ—§μƒZƒ“ƒ^[ƒXƒNƒGƒA,‚PE‚TK,–³—Ώ‚Ε——p‰Β”\,ƒ{ƒgƒ‹ƒfƒBƒXƒyƒ“ƒT[^Eω‚έϋ^,13202
—§μs,’†‰›}‘Ω,—§μs’¬‚Q|‚R‚U|‚Qƒtƒ@[ƒ—§μƒZƒ“ƒ^[ƒXƒNƒGƒA,‚QE‚RE‚SK,–³—Ώ‚Ε——p‰Β”\,ω‚έϋ^,13202
—§μs,‘½–€μ}‘Ω,—§μs•xm©’¬‚U|‚T‚P|‚P,}‘Ω“όϋ,–³—Ώ‚Ε——p‰Β”\,ω‚έϋ^,13202
—§μs,…“Ή‹Η‘½–€…“Ή—§μ’΅Ι,—§μs—Ξ’¬‚U|‚V,‚PK,–³—Ώ‚Ε——p‰Β”\,ω‚έϋ^,13202
—§μs,α—t}‘Ω,—§μsα—t’¬‚R|‚R‚S|‚P,}‘Ω“όϋ,–³—Ώ‚Ε——p‰Β”\,ω‚έϋ^,13202
O‘ιs,|p•¶‰»ƒZƒ“ƒ^[,O‘ιsγA‚U|‚P‚Q|‚P‚S,‚PK•—‚Μƒz[ƒ‹ƒzƒƒCƒGE―‚Μƒz[ƒ‹ƒzƒƒCƒG,Γ‚µ‚Ι‚ζ‚θ“όκ—Ώ‚•K—v,ω‚έϋ^,13204
O‘ιs,γA•’΅Ι,O‘ιsγA‚W|‚R|‚P‚O,‚PE‚QK,–³—Ώ‚Ε——p‰Β”\,ω‚έϋ^,13204
O‘ιs,φ‰ο“°,O‘ιs–μθ‚P|‚P|‚P,ƒz[ƒ‹ƒzƒƒCƒG,Γ‚µ‚Ι‚ζ‚θ“όκ—Ώ‚•K—v,ω‚έϋ^,13204
O‘ιs,φ‰ο“°‚³‚ρ‚³‚ρΩ,O‘ιs–μθ‚P|‚P|‚P,‚PE‚QE‚RE‚SK,–³—Ώ‚Ε——p‰Β”\,ω‚έϋ^,13204
O‘ιs,O‘ιs–{’΅Ι,O‘ιs–μθ‚P|‚P|‚P,‚PK‹i‰Ί‘OE‚RK‹cκ“’ΚHE‚SK‹xeΊE‚TK•¶‘Ι‰΅,–³—Ώ‚Ε——p‰Β”\,ƒ{ƒgƒ‹ƒfƒBƒXƒyƒ“ƒT[^Eω‚έϋ^,13204
O‘ιs,O‘ιs‘ζ“ρ’΅Ι,O‘ιs–μθ‚P|‚P|‚P,‚PKƒz[ƒ‹E‚QK‹xeΊE‚RK‹xeΊ,–³—Ώ‚Ε——p‰Β”\,ω‚έϋ^,13204
O‘ιs,O‘ιs‘ζO’΅Ι,O‘ιs–μθ‚P|‚P|‚P,L‰Ί,–³—Ώ‚Ε——p‰Β”\,ω‚έϋ^,13204
Β”~s,Β”~‡“―’΅Ι,Β”~s‰Ν•Σ’¬‚U|‚S|‚P,•s–Ύ,–³—Ώ‚Ε——p‰Β”\,ω‚έϋ^,13205
•{’†s,’©“ϊ‘ΜηΩ,•{’†s’©“ϊ’¬‚Q|‚P‚O,‚PKL‰Ί,–³—Ώ‚Ε——p‰Β”\,ω‚έϋ^,13206
•{’†s,•{’†s”όpΩ,•{’†sσΤ’¬‚P|‚R,‚PKƒGƒ“ƒgƒ‰ƒ“ƒXƒƒr[,–³—Ώ‚Ε——p‰Β”\,ω‚έϋ^,13206
•{’†s,‰h’¬‘ΜηΩ,•{’†s‰h’¬‚P|‚P,‚PKL‰Ί,–³—Ώ‚Ε——p‰Β”\,ƒ{ƒgƒ‹ƒfƒBƒXƒyƒ“ƒT[^Eω‚έϋ^,13206
•{’†s,‰—§‘ΜηΩ,•{’†s‰—§’¬‚P|‚R‚V,‚PKL‰Ί,–³—Ώ‚Ε——p‰Β”\,ω‚έϋ^,13206
•{’†s,‰—§•¶‰»ƒZƒ“ƒ^[,•{’†s‰—§’¬‚T|‚S,‚PK,–³—Ώ‚Ε——p‰Β”\,ω‚έϋ^,13206
•{’†s,l’J•¶‰»ƒZƒ“ƒ^[,•{’†sl’J‚Q|‚V‚T,‚PE‚QK,–³—Ώ‚Ε——p‰Β”\,ω‚έϋ^,13206
•{’†s,•Π’¬•¶‰»ƒZƒ“ƒ^[,•{’†s•Π’¬‚Q|‚P‚V,‚PK,–³—Ώ‚Ε——p‰Β”\,ω‚έϋ^,13206
•{’†s,•{’†‰w–k‘ζ‚Q’΅Ι,•{’†sυ’¬‚P|‚T,‚PK,–³—Ώ‚Ε——p‰Β”\,ω‚έϋ^,13206
•{’†s,…“Ή‹Η•{’†ƒT[ƒrƒXƒXƒe[ƒVƒ‡ƒ“,•{’†sυ’¬‚R|‚S|‚U,‚PK,–³—Ώ‚Ε——p‰Β”\,ω‚έϋ^,13206
•{’†s,¥­•¶‰»ƒZƒ“ƒ^[,•{’†s¥­‚Q|‚Q‚O,‚PE‚QE‚RK,–³—Ώ‚Ε——p‰Β”\,ω‚έϋ^,13206
•{’†s,”’…‘δ‘ΜηΩ,•{’†s”’…‘δ‚P|‚T‚O,‚PKL‰Ί,–³—Ώ‚Ε——p‰Β”\,ƒ{ƒgƒ‹ƒfƒBƒXƒyƒ“ƒT[^Eω‚έϋ^,13206
•{’†s,”’…‘δ•¶‰»ƒZƒ“ƒ^[,•{’†s”’…‘δ‚P|‚U‚O,‚PK,–³—Ώ‚Ε——p‰Β”\,ω‚έϋ^,13206
•{’†s,V’¬•¶‰»ƒZƒ“ƒ^[,•{’†sV’¬‚P|‚U‚U,‚PE‚QE‚RK,–³—Ώ‚Ε——p‰Β”\,ω‚έϋ^,13206
•{’†s,Z‹g•¶‰»ƒZƒ“ƒ^[,•{’†sZ‹g’¬‚P|‚U‚P,‚PE‚QE‚RK,–³—Ώ‚Ε——p‰Β”\,ω‚έϋ^,13206
•{’†s,—«ƒZƒ“ƒ^[,•{’†sZ‹g’¬‚P|‚W‚S,‚SK,–³—Ώ‚Ε——p‰Β”\,ω‚έϋ^,13206
•{’†s,Ό•{•¶‰»ƒZƒ“ƒ^[,•{’†sΌ•{’¬‚P|‚U‚O,‚PE‚QK,–³—Ώ‚Ε——p‰Β”\,ω‚έϋ^,13206
•{’†s,ƒ‹ƒ~ƒG[ƒ‹•{’†,•{’†s•{’†’¬‚Q|‚Q‚S,‚PE‚QE‚RE‚SE‚TK‹xeƒR[ƒi[,–³—Ώ‚Ε——p‰Β”\,ω‚έϋ^,13206
•{’†s,’†‰›•¶‰»ƒZƒ“ƒ^[,•{’†s•{’†’¬‚Q|‚Q‚T,‚PK‚Π‚Ξ‚θƒz[ƒ‹‘O,–³—Ώ‚Ε——p‰Β”\,ω‚έϋ^,13206
•{’†s,–{h‘ΜηΩ,•{’†s–{h’¬‚S|‚Q‚R,‚PKL‰Ί,–³—Ώ‚Ε——p‰Β”\,ƒ{ƒgƒ‹ƒfƒBƒXƒyƒ“ƒT[^,13206
•{’†s,•{’†s‹½“y‚ΜX”•¨Ω,•{’†s“μ’¬‚U|‚R‚Q,”•¨Ω–{ΩƒGƒ“ƒgƒ‰ƒ“ƒX,“όκ—Ώ‚•K—v,ω‚έϋ^,13206
•{’†s,•{’†s–{’΅Ι,•{’†s‹{Ό’¬‚Q|‚Q‚S,Ό’΅Ι‚PKA“’΅Ι‚P`‚WKA–k’΅Ι‚RK,–³—Ώ‚Ε——p‰Β”\,ω‚έϋ^,13206
•{’†s,s–―“®ƒZƒ“ƒ^[ƒvƒ‰ƒbƒc,•{’†s‹{’¬‚P|‚P‚O‚O@‚TE‚UK,‚UK,–³—Ώ‚Ε——p‰Β”\,ƒ{ƒgƒ‹ƒfƒBƒXƒyƒ“ƒT[^Eω‚έϋ^,13206
•{’†s,•{’†s‚Σ‚ι‚³‚Ζ•{’†—πjΩ,•{’†s‹{’¬‚R|‚P,‚PK“‘¤“όϋ•t‹ί,–³—Ώ‚Ε——p‰Β”\,ω‚έϋ^,13206
•{’†s,•‘ ‘δ•¶‰»ƒZƒ“ƒ^[,•{’†s•‘ ‘δ‚Q|‚Q,‚P`‚QK,–³—Ώ‚Ε——p‰Β”\,ω‚έϋ^,13206
•{’†s,g—t‹u•¶‰»ƒZƒ“ƒ^[,•{’†sg—t‹u‚Q|‚P,‚P`‚RK,–³—Ώ‚Ε——p‰Β”\,ω‚έϋ^,13206
•{’†s,‘‡‘ΜηΩ,•{’†s–ξθ’¬‚T|‚T,ƒƒNƒƒG[ƒVƒ‡ƒ“ƒz[ƒ‹‰΅L‰ΊE•“Ήκ‘OE‘ζ‚P‘ΜηΊ‰΅E‘ζ‚Q‘ΜηΊ‰΅,–³—Ώ‚Ε——p‰Β”\,ƒ{ƒgƒ‹ƒfƒBƒXƒyƒ“ƒT[^Eω‚έϋ^,13206
•{’†s,l’J‘ΜηΩ,•{’†sl’J‚T|‚U,‚P‚eL‰Ί,–³—Ώ‚Ε——p‰Β”\,ω‚έϋ^,13206
’²•zs,’²•zs‹½“y”•¨Ω,’²•zs¬“‡’¬‚R|‚Q‚U|‚Q,‚PKƒtƒƒA[‚Ύ‚κ‚Ε‚ΰƒgƒCƒ‘O,–³—Ώ‚Ε——p‰Β”\,ω‚έϋ^,13208
’²•zs,’²•zs–―Ό’²•z‘ΜηΩ,’²•zsγΞ΄‚Q|‚S|‚P,ƒƒr[,–³—Ώ‚Ε——p‰Β”\,ω‚έϋ^,13208
’²•zs,‹e–μ‘δ’nζ•ƒƒZƒ“ƒ^[,’²•zs‹e–μ‘δ‚P|‚R‚W|‚P,‚PKL‰Ί,–³—Ώ‚Ε——p‰Β”\,ω‚έϋ^,13208
’²•zs,‰ΊΞ΄’nζ•ƒƒZƒ“ƒ^[,’²•zs‰ΊΞ΄‚R|‚V‚Q|‚P,ƒz[ƒ‹,–³—Ώ‚Ε——p‰Β”\,ω‚έϋ^,13208
’²•zs,_‘γA•¨φ‰€,’²•zs[‘ε›–k’¬‚P|‚S|‚U,A•¨‘½—l«ƒZƒ“ƒ^[,“όκ—Ώ‚•K—v,ω‚έϋ^,13208
’²•zs,’²•zs‘‡‘ΜηΩ,’²•zs[‘ε›–k’¬‚Q|‚P|‚U‚T,‘ΜηΩ,–³—Ώ‚Ε——p‰Β”\,ƒ{ƒgƒ‹ƒfƒBƒXƒyƒ“ƒT[^Eω‚έϋ^,13208
’²•zs,_‘γA•¨φ‰€,’²•zs[‘ε›³’¬‚T|‚R‚P|‚P‚O,A•¨‰οΩ‚PKƒƒr[,“όκ—Ώ‚•K—v,ω‚έϋ^,13208
’²•zs,υ’n’nζ•ƒƒZƒ“ƒ^[,’²•zsυ’n‚R|‚R|‚P,‚PKL‰Ί,–³—Ώ‚Ε——p‰Β”\,ω‚έϋ^,13208
’²•zs,_‘γo’£,’²•zsΌ‚Β‚Β‚¶ƒP‹u‚R|‚P‚X|‚P,‚PK“όϋ,–³—Ώ‚Ε——p‰Β”\,ω‚έϋ^,13208
’²•zs,‹ΰq’nζ•ƒƒZƒ“ƒ^[,’²•zsΌ‚Β‚Β‚¶ƒ–‹u‚S|‚S‚R|‚R,‚PKL‰Ί,–³—Ώ‚Ε——p‰Β”\,ω‚έϋ^,13208
’²•zs,•‘ –μ‚ΜX‘‡ƒXƒ|[ƒcƒvƒ‰ƒU,’²•zsΌ’¬‚Q‚X‚O|‚P‚P,ƒTƒuƒAƒ[ƒi‚QK,“όκ—Ώ‚•K—v,ω‚έϋ^,13208
’²•zs,•xm©’nζ•ƒƒZƒ“ƒ^[,’²•zs•xm©’¬‚S|‚P‚T|‚U,‚PKL‰Ί,–³—Ώ‚Ε——p‰Β”\,ω‚έϋ^,13208
’²•zs,—ΞƒP‹u’nζ•ƒƒZƒ“ƒ^[,’²•zs—ΞƒP‹u‚Q|‚P‚W|‚S‚X,ΊΦƒz[ƒ‹,–³—Ώ‚Ε——p‰Β”\,ω‚έϋ^,13208
’²•zs,’²•zs“•”φ–―Ω,’²•zsα—t’¬‚P|‚Q‚X|‚Q‚P,‚QKΊΦO,–³—Ώ‚Ε——p‰Β”\,ω‚έϋ^,13208
’¬“cs,ƒTƒ“’¬“c®‘ΜηΩ,’¬“cs®’¬‚R|‚Q‚O|‚U‚O,‚PE‚QKƒƒr[,–³—Ώ‚Ε——p‰Β”\,ω‚έϋ^,13209
’¬“cs,’ίμs–―ƒZƒ“ƒ^[,’¬“cs‘ε‘ ’¬‚P‚X‚W‚P|‚S,‚PKƒƒr[E‚QKƒzƒƒCƒG,–³—Ώ‚Ε——p‰Β”\,ω‚έϋ^,13209
’¬“cs,¬Rs–―ƒZƒ“ƒ^[,’¬“cs¬R’¬‚Q‚T‚O‚V”Τ’n‚P,‚PK,–³—Ώ‚Ε——p‰Β”\,ω‚έϋ^,13209
’¬“cs,“μs–―ƒZƒ“ƒ^[,’¬“cs‹ΰX‚S|‚T|‚U,‚PK,–³—Ώ‚Ε——p‰Β”\,ω‚έϋ^,13209
’¬“cs,–Ψ‘]X–μƒRƒ~ƒ…ƒjƒeƒBƒZƒ“ƒ^[,’¬“cs–Ψ‘]“‚P|‚Q,‚PK,–³—Ώ‚Ε——p‰Β”\,ω‚έϋ^,13209
’¬“cs,…“Ή‹Η’¬“cƒT[ƒrƒXƒXƒe[ƒVƒ‡ƒ“,’¬“cs–Ψ‘]“‚P|‚S|‚P,‚PK,–³—Ώ‚Ε——p‰Β”\,ω‚έϋ^,13209
’¬“cs,‘΄’†‰›φ‰€Η—“,’¬“cs‘΄’¬‚Q‚O‚P‚W,Η—––±‚PK,–³—Ώ‚Ε——p‰Β”\,ω‚έϋ^,13209
’¬“cs,δs–―ƒZƒ“ƒ^[,’¬“cs‘΄’¬‚V‚X‚T”Τ’n‚P,‚QE‚RK,–³—Ώ‚Ε——p‰Β”\,ω‚έϋ^,13209
’¬“cs,’¬“cs—§Ί“ΰƒv[ƒ‹,’¬“cs}t’¬‚P‚X‚X|‚P,Ί“ΰƒv[ƒ‹‚PKƒv[ƒ‹ƒTƒCƒhE‚QKƒƒr[,κ•”“όκ—Ώ‚•K—v,ω‚έϋ^,13209
’¬“cs,’‰¶s–―ƒZƒ“ƒ^[,’¬“cs’‰¶‚R|‚P‚S|‚Q,‚PKƒGƒ“ƒgƒ‰ƒ“ƒXƒƒr[E‚QKƒzƒƒCƒG,–³—Ώ‚Ε——p‰Β”\,ω‚έϋ^,13209
’¬“cs,‚Β‚­‚µ–μƒRƒ~ƒ…ƒjƒeƒBƒZƒ“ƒ^[,’¬“cs‚Β‚­‚µ–μ‚Q|‚Q‚U|‚T,‚QK,–³—Ώ‚Ε——p‰Β”\,ω‚έϋ^,13209
’¬“cs,’¬“cGIONƒXƒ^ƒWƒAƒ€,’¬“cs–μ’Γ“c’¬‚Q‚O‚R‚T,‚PK,–³—Ώ‚Ε——p‰Β”\,ω‚έϋ^,13209
’¬“cs,¬£ƒRƒ~ƒ…ƒjƒeƒBƒZƒ“ƒ^[,’¬“csΌ¬£‚Q|‚S‚X|‚P,‚PK,–³—Ώ‚Ε——p‰Β”\,ω‚έϋ^,13209
’¬“cs,’¬“cs—§’ίμ‰w‘O}‘Ω,’¬“cs”\ƒ–’J‚P|‚Q|‚P,‚QK,–³—Ώ‚Ε——p‰Β”\,ω‚έϋ^,13209
’¬“cs,’¬“cs—§’†‰›}‘Ω,’¬“cs΄’¬“c‚R|‚Q|‚X,‚SE‚UK,–³—Ώ‚Ε——p‰Β”\,ω‚έϋ^,13209
’¬“cs,’¬“cs–―ƒtƒH[ƒ‰ƒ€,’¬“cs΄’¬“c‚S|‚X|‚WƒTƒEƒXƒtƒƒ“ƒgƒ^ƒ[’¬“c,‚RE‚SK,–³—Ώ‚Ε——p‰Β”\,ω‚έϋ^,13209
’¬“cs,’¬“cs’N•ƒ‰οΩ,’¬“cs΄’¬“c‚T|‚W[‚Q‚P,‚PKƒƒr[,–³—Ώ‚Ε——p‰Β”\,ω‚έϋ^,13209
’¬“cs,‚Θ‚ι‚Ή‰w‘Os–―ƒZƒ“ƒ^[,’¬“cs“μ¬£‚P|‚Q|‚T,‚PK,–³—Ώ‚Ε——p‰Β”\,ω‚έϋ^,13209
’¬“cs,’¬“cs—§‘‡‘ΜηΩ,’¬“cs“μ¬£‚T|‚P‚Q,‘ΜηΩ“ΰ‚PKEƒgƒ[ƒjƒ“ƒOΊ‘O,–³—Ώ‚Ε——p‰Β”\,ƒ{ƒgƒ‹ƒfƒBƒXƒyƒ“ƒT[^Eω‚έϋ^,13209
’¬“cs,¬£ƒNƒ[ƒ“ƒZƒ“ƒ^[,’¬“cs“μ¬£‚W|‚P|‚P,‚PKƒƒr[,–³—Ώ‚Ε——p‰Β”\,ω‚έϋ^,13209
’¬“cs,O—ΦƒRƒ~ƒ…ƒjƒeƒBƒZƒ“ƒ^[,’¬“csO—Φ—ΞR‚S|‚P‚S|‚S,‚PK,–³—Ώ‚Ε——p‰Β”\,ω‚έϋ^,13209
’¬“cs,’¬“cs’΅Ι,’¬“csX–μ‚Q|‚Q|‚Q‚Q,‚PK,–³—Ώ‚Ε——p‰Β”\,ω‚έϋ^,13209
’¬“cs,’¬“cs–―ƒz[ƒ‹,’¬“csX–μ‚Q|‚Q|‚R‚U,‚PKƒgƒCƒ‘O,–³—Ώ‚Ε——p‰Β”\,ω‚έϋ^,13209
’¬“cs,–Ψ‘]RθƒRƒ~ƒ…ƒjƒeƒBƒZƒ“ƒ^[,’¬“csRθ’¬‚Q‚P‚U‚O|‚S,‚`Ω‚PE‚RKƒƒr[,–³—Ώ‚Ε——p‰Β”\,ω‚έϋ^,13209
¬‹ΰδs,¬‹ΰδs‘‡‘ΜηΩ,¬‹ΰδsΦ–μ’¬‚P|‚P‚R|‚P,’n‰Ί‚PKE‚QK,“όκ—Ώ‚•K—v,ω‚έϋ^,13210
¬‹ΰδs,IRφ‰€’N‰^“®ƒZƒ“ƒ^[,¬‹ΰδs’†’¬‚Q|‚Q‚P|‚P,‚PE‚SK,–³—Ώ‚Ε——p‰Β”\,ω‚έϋ^,13210
¬‹ΰδs,φ–―ΩΡδ–k•Ω,¬‹ΰδsΡδ–k’¬‚P|‚P‚P|‚P‚Q,‚PK,–³—Ώ‚Ε——p‰Β”\,ω‚έϋ^,13210
¬‹ΰδs,¬‹ΰδ ‹{’nyνƒz[ƒ‹,¬‹ΰδs–{’¬‚U|‚P‚S|‚S‚T,‚PK©“®”Μ”„‹@•t‹ί,–³—Ώ‚Ε——p‰Β”\,ω‚έϋ^,13210
¬‹ΰδs,‘O΄’¬Ό”V‘δ‰οΩ,¬‹ΰδs‘O΄’¬‚R|‚W|‚P,‚PKL‰Ί,–³—Ώ‚Ε——p‰Β”\,ω‚έϋ^,13210
¬•½s,¬•½s—§‘εΐ}‘ΩEφ–―Ω,¬•½s‘εΐ’¬‚V|‚P|‚P‚V,•—Ί,–³—Ώ‚Ε——p‰Β”\,ω‚έϋ^,13211
¬•½s,‘εΐ’nζƒZƒ“ƒ^[,¬•½s‘εΐ’¬‚V|‚P|‚P‚V,ƒƒr[,–³—Ώ‚Ε——p‰Β”\,ω‚έϋ^,13211
¬•½s,¬μΌ’¬’†h’nζƒZƒ“ƒ^[,¬•½s¬μΌ’¬‚Q|‚R‚O|‚P,ƒƒr[,–³—Ώ‚Ε——p‰Β”\,ω‚έϋ^,13211
¬•½s,¬•½sΌ•”s–―ƒZƒ“ƒ^[,¬•½s¬μΌ’¬‚S|‚P‚O|‚P‚R,‚PKƒƒr[,–³—Ώ‚Ε——p‰Β”\,ω‚έϋ^,13211
¬•½s,¬μΌ’¬’nζƒZƒ“ƒ^[,¬•½s¬μΌ’¬‚T|‚S|‚P‚V,ƒƒr[,–³—Ώ‚Ε——p‰Β”\,ω‚έϋ^,13211
¬•½s,¬μ“’¬’nζƒZƒ“ƒ^[,¬•½s¬μ“’¬‚P‚W‚O‚T,ƒƒr[,–³—Ώ‚Ε——p‰Β”\,ω‚έϋ^,13211
¬•½s,¬μ“‘ζ“ρ’nζƒZƒ“ƒ^[,¬•½s¬μ“’¬‚T|‚X|‚P,ƒƒr[,–³—Ώ‚Ε——p‰Β”\,ω‚έϋ^,13211
¬•½s,w‰€Ό’¬’nζƒZƒ“ƒ^[,¬•½sw‰€Ό’¬‚Q|‚P‚Q|‚Q‚Q,ƒƒr[,–³—Ώ‚Ε——p‰Β”\,ω‚έϋ^,13211
¬•½s,’NƒZƒ“ƒ^[,¬•½sw‰€“’¬‚P|‚P‚X|‚P‚Q,‚PKƒƒr[,–³—Ώ‚Ε——p‰Β”\,ω‚έϋ^,13211
¬•½s,•ƒ‰οΩ,¬•½sw‰€“’¬‚P|‚P‚X|‚P‚R,‚PE‚RE‚TK,–³—Ώ‚Ε——p‰Β”\,ω‚έϋ^,13211
¬•½s,w‰€“’¬’nζƒZƒ“ƒ^[,¬•½sw‰€“’¬‚Q|‚P‚U|‚P‚P,ƒƒr[,–³—Ώ‚Ε——p‰Β”\,ω‚έϋ^,13211
¬•½s,μ•½’nζƒZƒ“ƒ^[,¬•½sμ•½’¬‚P|‚P‚O|‚X,ƒƒr[,–³—Ώ‚Ε——p‰Β”\,ω‚έϋ^,13211
¬•½s,μ•½}‘Ω,¬•½sμ•½’¬‚R|‚R|‚P‚W,‚PKƒGƒ“ƒgƒ‰ƒ“ƒX,–³—Ώ‚Ε——p‰Β”\,ω‚έϋ^,13211
¬•½s,¬μφ–―Ω,¬•½s¬μ’¬‚P|‚P‚O‚P‚Q,‚PKσ•t‘O,–³—Ώ‚Ε——p‰Β”\,ω‚έϋ^,13211
¬•½s,¬μ’¬κ’–Ϊ’nζƒZƒ“ƒ^[,¬•½s¬μ’¬‚P|‚R‚O‚S‚T,ƒƒr[,–³—Ώ‚Ε——p‰Β”\,ω‚έϋ^,13211
¬•½s,γhφ–―Ω,¬•½s¬μ’¬‚P|‚R‚O‚W,‚PKσ•t‘O,–³—Ώ‚Ε——p‰Β”\,ω‚έϋ^,13211
¬•½s,γh}‘Ω,¬•½s¬μ’¬‚P|‚R‚S‚T,‚PKƒƒr[,–³—Ώ‚Ε——p‰Β”\,ω‚έϋ^,13211
¬•½s,¬μ’¬“ρ’–Ϊ’nζƒZƒ“ƒ^[,¬•½s¬μ’¬‚Q|‚P‚P‚T‚S,ƒƒr[,–³—Ώ‚Ε——p‰Β”\,ω‚έϋ^,13211
¬•½s,¬•½s’†‰›φ–―Ω,¬•½s¬μ’¬‚Q|‚P‚R‚Q‚T,‚PKσ•t‘O,–³—Ώ‚Ε——p‰Β”\,ω‚έϋ^,13211
¬•½s,’†‰›}‘Ω,¬•½s¬μ’¬‚Q|‚P‚R‚Q‚T,‚PKƒGƒ“ƒgƒ‰ƒ“ƒXE‚QK,–³—Ώ‚Ε——p‰Β”\,ω‚έϋ^,13211
¬•½s,δK’nζƒZƒ“ƒ^[,¬•½sδK’¬‚T‚W,ƒƒr[,–³—Ώ‚Ε——p‰Β”\,ω‚έϋ^,13211
¬•½s,γ…V’¬’nζƒZƒ“ƒ^[,¬•½sγ…V’¬‚P|‚P‚S|‚P‚W,ƒƒr[,–³—Ώ‚Ε——p‰Β”\,ω‚έϋ^,13211
¬•½s,γ…–{’¬’nζƒZƒ“ƒ^[,¬•½sγ…–{’¬‚R|‚P‚P|‚P‚P,ƒƒr[,–³—Ώ‚Ε——p‰Β”\,ω‚έϋ^,13211
¬•½s,¬•½s—§γ…“μφ–―Ω,¬•½sγ…“μ’¬‚P|‚Q‚V|‚P,‚PKσ•t‘O,–³—Ώ‚Ε——p‰Β”\,ω‚έϋ^,13211
¬•½s,—ι–Ψ’nζƒZƒ“ƒ^[,¬•½s—ι–Ψ’¬‚P|‚S‚O‚O,ƒƒr[,–³—Ώ‚Ε——p‰Β”\,ω‚έϋ^,13211
¬•½s,¬•½s—§—ι–Ψφ–―Ω,¬•½s—ι–Ψ’¬‚Q|‚V‚V‚Q,‚QKƒƒr[,–³—Ώ‚Ε——p‰Β”\,ω‚έϋ^,13211
¬•½s,¬•½s–―‘‡‘ΜηΩ,¬•½s’Γ“c’¬‚P|‚P|‚P,‚PE‚QE‚RK,–³—Ώ‚Ε——p‰Β”\,ω‚έϋ^,13211
¬•½s,¬•½s—§’Γ“c}‘ΩEφ–―Ω,¬•½s’Γ“c’¬‚R|‚P‚P|‚P,•—Ί,–³—Ώ‚Ε——p‰Β”\,ω‚έϋ^,13211
¬•½s,“V_’nζƒZƒ“ƒ^[,¬•½s“V_’¬‚S|‚R|‚P,ƒƒr[,–³—Ώ‚Ε——p‰Β”\,ω‚έϋ^,13211
¬•½s,’†“‡’nζƒZƒ“ƒ^[,¬•½s’†“‡’¬‚Q‚U|‚X,ƒƒr[,–³—Ώ‚Ε——p‰Β”\,ω‚έϋ^,13211
¬•½s,‚Θ‚©‚ά‚Ώƒeƒ‰ƒX,¬•½s’‡’¬‚P‚S‚T,‚PK,–³—Ώ‚Ε——p‰Β”\,ω‚έϋ^,13211
¬•½s,¬•½s“•”s–―ƒZƒ“ƒ^[,¬•½s‰Τ¬‹ΰδ‚P|‚W|‚P,‚QK}‘Ω,–³—Ώ‚Ε——p‰Β”\,ω‚έϋ^,13211
¬•½s,‰Τ¬‹ΰδ–k’nζƒZƒ“ƒ^[,¬•½s‰Τ¬‹ΰδ‚R|‚P‚O|‚P,ƒƒr[,–³—Ώ‚Ε——p‰Β”\,ω‚έϋ^,13211
¬•½s,¬•½s—§‰Τ¬‹ΰδ–kφ–―Ω,¬•½s‰Τ¬‹ΰδ‚T|‚S‚P|‚R,‚QKσ•t‘O,–³—Ώ‚Ε——p‰Β”\,ω‚έϋ^,13211
¬•½s,¬•½s—§‰Τ¬‹ΰδ“μφ–―Ω,¬•½s‰Τ¬‹ΰδ“μ’¬‚Q|‚P‚Q|‚U,‚PKƒƒr[,–³—Ώ‚Ε——p‰Β”\,ω‚έϋ^,13211
¬•½s,‰Τ¬‹ΰδ“μ’nζƒZƒ“ƒ^[,¬•½s‰Τ¬‹ΰδ“μ’¬‚R|‚R|‚P‚V,ƒƒr[,–³—Ώ‚Ε——p‰Β”\,ω‚έϋ^,13211
¬•½s,”ό‰€’nζƒZƒ“ƒ^[,¬•½s”ό‰€’¬‚P|‚P‚X|‚Q,ƒƒr[,–³—Ώ‚Ε——p‰Β”\,ω‚έϋ^,13211
“ϊ–μs,ρ“s‘εw“‹“ϊ–μƒLƒƒƒ“ƒpƒX,“ϊ–μs®‚‹u‚U|‚U,‘εw‰οΩ‚PK,–³—Ώ‚Ε——p‰Β”\,ω‚έϋ^,13212
“ϊ–μs,…“Ή‹Η“ϊ–μƒT[ƒrƒXƒXƒe[ƒVƒ‡ƒ“,“ϊ–μs‘½–€•½‚Q|‚V|‚Q,‚PK,–³—Ώ‚Ε——p‰Β”\,ω‚έϋ^,13212
“‘ΊRs,H’Γφ–―Ω,“‘ΊRsH’Γ’¬‚Q|‚P‚V|‚P‚O,‚PKƒƒr[E‚QKƒƒr[,–³—Ώ‚Ε——p‰Β”\,ω‚έϋ^,13213
“‘ΊRs,H’Γ}‘Ω,“‘ΊRsH’Γ’¬‚Q|‚P‚V|‚P‚O,‚PK,–³—Ώ‚Ε——p‰Β”\,ω‚έϋ^,13213
“‘ΊRs,H’Γ™“¶Ω,“‘ΊRsH’Γ’¬‚R[‚T‚P[‚Q‚T,™“¶Ω‚PKL‰Ί,–³—Ώ‚Ε——p‰Β”\,ω‚έϋ^,13213
“‘ΊRs,‰h’¬™“¶Ω,“‘ΊRs‰h’¬‚R[‚P‚S[‚P,™“¶ΩL‰Ί,–³—Ώ‚Ε——p‰Β”\,ω‚έϋ^,13213
“‘ΊRs,–kR™“¶Ω,“‘ΊRs–μϋ’¬‚R[‚Q‚U[‚Q,™“¶Ω‚PKL‰Ί,–³—Ώ‚Ε——p‰Β”\,ω‚έϋ^,13213
“‘ΊRs,”‘R‚½‚Ά‚―‚ρ‚Μ—Ά,“‘ΊRs–μϋ’¬‚R|‚S‚W|‚P,‚PKƒƒr[,–³—Ώ‚Ε——p‰Β”\,ω‚έϋ^,13213
“‘ΊRs,”‹Rφ–―Ω,“‘ΊRs”‹R’¬‚Q|‚P‚R|‚P,‚PKƒƒr[,–³—Ώ‚Ε——p‰Β”\,ω‚έϋ^,13213
“‘ΊRs,•xm©}‘Ω,“‘ΊRs•xm©’¬‚P|‚V|‚R‚T,‚PK,–³—Ώ‚Ε——p‰Β”\,ω‚έϋ^,13213
“‘ΊRs,•xm©φ–―Ω,“‘ΊRs•xm©’¬‚T|‚S|‚T‚P,‚PKƒƒr[E‚QKƒƒr[,–³—Ώ‚Ε——p‰Β”\,ω‚έϋ^,13213
“‘ΊRs,’†‰›}‘Ω,“‘ΊRs–{’¬‚P|‚P|‚P‚O,‚PE‚QK,–³—Ώ‚Ε——p‰Β”\,ω‚έϋ^,13213
“‘ΊRs,‚Ά‚«‚Ά‚«ƒvƒ‰ƒU,“‘ΊRs–{’¬‚P|‚Q|‚R,"‚PE‚QE‚RE‚SK©”Μ‹@ƒR[ƒi[
‚PK‹x“ϊ€–ι‰‹}f—Γ",–³—Ώ‚Ε——p‰Β”\,ω‚έϋ^,13213
“‘ΊRs,“‘ΊRs–π–{’΅Ι,“‘ΊRs–{’¬‚P|‚Q|‚R,’n‰Ί‚PKE‚PE‚QE‚RE‚SE‚UK,–³—Ώ‚Ε——p‰Β”\,ω‚έϋ^,13213
“‘ΊRs,’†‰›φ–―Ω,“‘ΊRs–{’¬‚Q|‚R‚R|‚Q,‚PE‚QE‚RK,–³—Ώ‚Ε——p‰Β”\,ω‚έϋ^,13213
“‘ΊRs,”όZƒƒTƒCƒNƒ‹ƒVƒ‡ƒbƒv,“‘ΊRs”όZ’¬‚Q|‚P‚P|‚R‚Q,‚PK,–³—Ώ‚Ε——p‰Β”\,ω‚έϋ^,13213
“‘ΊRs,‰τ“cφ–―Ω,“‘ΊRs‰τ“c’¬‚S|‚P‚X|‚P,‚PKƒƒr[,–³—Ώ‚Ε——p‰Β”\,ω‚έϋ^,13213
‘•›s,“s—§‘½–€}‘Ω,‘•›sς’¬‚Q|‚Q|‚Q‚U,‰{——Ί,–³—Ώ‚Ε——p‰Β”\,ω‚έϋ^,13214
‘•›s,‘•›s—§—φƒPE}‘Ω,‘•›sΌ—φƒ–E‚S|‚P‚Q|‚W,‚PK,–³—Ώ‚Ε——p‰Β”\,ω‚έϋ^,13214
‘•›s,‚ΰ‚Ζ‚ά‚Ώ}‘Ω,‘•›s“³’¬‚Q|‚R|13,‚PK,–³—Ώ‚Ε——p‰Β”\,ω‚έϋ^,13214
‘—§s,‚­‚Ι‚½‚Ώ’†‰›}‘Ω,‘—§s•xm©‘δ‚Q|‚R‚S,‚QKτ–Κ‘δ‘O,–³—Ώ‚Ε——p‰Β”\,ω‚έϋ^,13215
‘—§s,‚­‚Ι‚½‚Ώ•ƒ‰οΩ,‘—§s•xm©‘δ‚Q|‚R‚W|‚T,‚PE‚RK,–³—Ώ‚Ε——p‰Β”\,ω‚έϋ^,13215
‘—§s,‘—§s–π–{’΅Ι,‘—§s•xm©‘δ‚Q|‚S‚V|‚P,’n‰Ί‚PKE‚PE‚QE‚RK,–³—Ώ‚Ε——p‰Β”\,ω‚έϋ^,13215
‘—§s,‚­‚Ι‚½‚Ώs–―|p¬ƒz[ƒ‹,‘—§s•xm©‘δ‚Q|‚S‚W|‚P,|p¬ƒz[ƒ‹‚PK,–³—Ώ‚Ε——p‰Β”\,ω‚έϋ^,13215
‘—§s,‚­‚Ι‚½‚Ώs–―‘‡‘ΜηΩ,‘—§s•xm©‘δ‚Q|‚S‚W|‚P,’n‰Ί‚QKƒv[ƒ‹E’n‰Ί‚PKE‚PK,κ•”“όκ—Ώ‚•K—v,ω‚έϋ^,13215
‘—§s,‘—§sφ–―Ω,‘—§s’†‚P|‚P‚T|‚P,‚PK³–ΚΊΦ‘O,–³—Ώ‚Ε——p‰Β”\,ω‚έϋ^,13215
•¶s,’†‰›‘ΜηΩ,•¶s–k“c‰€‚Q|‚X|‚P,‚PE‚QK,–³—Ώ‚Ε——p‰Β”\,ω‚έϋ^,13218
•¶s,‚ν‚©‚¬‚θ‰οΩE}‘Ω,•¶sFμ‚P‚X‚X|‚P,‚PK,–³—Ώ‚Ε——p‰Β”\,ω‚έϋ^,13218
•¶s,”’”~‰οΩ,•¶sFμ‚T‚T‚X|‚P,‚PK,–³—Ώ‚Ε——p‰Β”\,ω‚έϋ^,13218
•¶s,’†‰›}‘Ω,•¶sFμ‚W‚T‚O|‚P,‚PK,–³—Ώ‚Ε——p‰Β”\,ω‚έϋ^,13218
•¶s,‚ν‚©‚½‚―‰οΩE}‘Ω,•¶s•¶‚P‚Q‚W‚O|‚P,‚PK,–³—Ώ‚Ε——p‰Β”\,ω‚έϋ^,13218
•¶s,•¶s–π’΅Ι,•¶s–{’¬‚T,‘ζ“ρ“‚PK,–³—Ώ‚Ε——p‰Β”\,ω‚έϋ^,13218
•¶s,•ƒƒZƒ“ƒ^[,•¶s“μ“c‰€‚Q|‚P‚R|‚P,‚PK,–³—Ώ‚Ε——p‰Β”\,ω‚έϋ^,13218
•¶s,•‘ –μ‘δ}‘ΩE™“¶Ω,•¶s•‘ –μ‘δ‚P|‚P‚Q|‚Q,‚PE‚RK,–³—Ώ‚Ε——p‰Β”\,ω‚έϋ^,13218
•¶s,Ό—Ρ‰οΩ,•¶s•‘ –μ‘δ‚P|‚P‚T|‚P,‚PK,–³—Ώ‚Ε——p‰Β”\,ω‚έϋ^,13218
]s,]s–π,]saς–{’¬‚P|‚P|‚T,‚QE‚RK,–³—Ώ‚Ε——p‰Β”\,ω‚έϋ^,13219
]s,γaς’nζƒZƒ“ƒ^[,]saς–{’¬‚S|‚V|‚T‚P,‚PK,–³—Ώ‚Ε——p‰Β”\,ω‚έϋ^,13219
]s,“μ•”’nζƒZƒ“ƒ^[,]s’–•ϋ‚S|‚P‚P|‚P,‚PK,–³—Ώ‚Ε——p‰Β”\,ω‚έϋ^,13219
]s,βΛ’nζƒZƒ“ƒ^[,]sβΛ“μ‚Q|‚Q|‚T,‚PK,–³—Ώ‚Ε——p‰Β”\,ω‚έϋ^,13219
]s,–μμ’nζƒZƒ“ƒ^[,]sΌ–μμ‚P|‚U|‚X,‚PK,–³—Ώ‚Ε——p‰Β”\,ω‚έϋ^,13219
“‘εas,…“Ή‹Η“‘εaƒT[ƒrƒXƒXƒe[ƒVƒ‡ƒ“,“‘εasγ–k‘δ‚R|‚S‚S‚V,‚PK,–³—Ώ‚Ε——p‰Β”\,ω‚έϋ^,13220
“‘εas,΄΄s–―ƒZƒ“ƒ^[,“‘εas΄΄‚S[‚P[‚P‚U†“‚PK,΄΄s–―ƒZƒ“ƒ^[ƒƒr[,–³—Ώ‚Ε——p‰Β”\,ω‚έϋ^,13220
“‘εas,“‘εas–―‘ΜηΩ,“‘εasχ‚‹u‚Q|‚P‚U‚V|‚P‚R,’n‰Ί‚PKE‚PE‚QK,–³—Ώ‚Ε——p‰Β”\,ω‚έϋ^,13220
“‘εas,“‘εas–π,“‘εas’†‰›‚R|‚X‚R‚O,‚PE‚QE‚RE‚SE‚TK,–³—Ώ‚Ε——p‰Β”\,ω‚έϋ^,13220
“‘εas,“‘εas—§‹½“y”•¨Ω,“‘εas“ή—Η‹΄‚P|‚Q‚U‚O|‚Q,‹i’ƒƒR[ƒi[,–³—Ώ‚Ε——p‰Β”\,ω‚έϋ^,13220
“‘εas,“‘εas–―‰οΩƒnƒ~ƒ“ƒOƒz[ƒ‹,“‘εasό΄‚U|‚P,ƒnƒ~ƒ“ƒOƒz[ƒ‹’n‰Ί,–³—Ώ‚Ε——p‰Β”\,ω‚έϋ^,13220
΄£s,΄£s‹½“y”•¨Ω,΄£sγ΄Λ‚Q|‚U|‚S‚P,‚PK,–³—Ώ‚Ε——p‰Β”\,ω‚έϋ^,13221
΄£s,΄£s—§s–―‘ΜηΩ,΄£s‰Ίh‚Q|‚T‚Q‚S|‚P,‚PK@“όϋ•t‹ί,–³—Ώ‚Ε——p‰Β”\,ω‚έϋ^,13221
΄£s,΄£s—§™“¶ƒZƒ“ƒ^[,΄£s’†΄Λ‚R|‚Q‚R‚T|‚T,‚PK,–³—Ώ‚Ε——p‰Β”\,ω‚έϋ^,13221
΄£s,΄£s–π,΄£s’†—Ά‚T|‚W‚S‚Q,‚PK,–³—Ώ‚Ε——p‰Β”\,ω‚έϋ^,13221
΄£s,–μ‰–’nζs–―ƒZƒ“ƒ^[,΄£s–μ‰–‚P|‚R‚Q‚Q|‚Q,‚PK@“όϋ•t‹ί,–³—Ώ‚Ε——p‰Β”\,ω‚έϋ^,13221
΄£s,΄£sΑ”ο¶ƒZƒ“ƒ^[,΄£s³’¬‚P|‚S|‚P‚V,‚PK@ƒƒr[,–³—Ώ‚Ε——p‰Β”\,ω‚έϋ^,13221
“‹v—―•Δs,…“Ή‹Η“‹v—―•ΔƒT[ƒrƒXƒXƒe[ƒVƒ‡ƒ“,“‹v—―•Δs‘κR‚U|‚P|‚P,‚PK,–³—Ώ‚Ε——p‰Β”\,ω‚έϋ^,13222
“‹v—―•Δs,“‹v—―•Δs–π’΅Ι,“‹v—―•Δs–{’¬‚R|‚P|‚P,‚PK,–³—Ώ‚Ε——p‰Β”\,ω‚έϋ^,13222
•‘ ‘ΊRs,•‘ ‘ΊRs–π–{’΅Ι,•‘ ‘ΊRs–{’¬‚P[‚P[‚P,‚PE‚QE‚RE‚SE‚TK,–³—Ώ‚Ε——p‰Β”\,ω‚έϋ^,13223
‘½–€s,R‰¤‰Ί’΅Ι“ΰi…“Ή‹Η‘½–€ƒT[ƒrƒXƒXƒe[ƒVƒ‡ƒ“j,‘½–€sR‰¤‰Ί‚P|‚P‚V,‚PK,–³—Ώ‚Ε——p‰Β”\,ω‚έϋ^,13224
‘½–€s,‘½–€s—§‘‡‘ΜηΩ,‘½–€s“›•ϋ‚T‚W‚W|‚P,‚PK‘ζ‚QƒXƒ|[ƒcƒz[ƒ‹E‚QKƒgƒ[ƒjƒ“ƒOƒ‹[ƒ€,–³—Ώ‚Ε——p‰Β”\,ω‚έϋ^,13224
‘½–€s,“›•ϋVl•ƒΩE’n‹ζs–―ƒz[ƒ‹,‘½–€s“›•ϋ‚U‚U‚Q‚U|‚V,‚RKƒƒr[,–³—Ώ‚Ε——p‰Β”\,ω‚έϋ^,13224
‘½–€s,‘½–€s—§‰·…ƒv[ƒ‹iƒAƒNƒAƒuƒ‹[‘½–€j,‘½–€s“μ–μ‚R|‚P‚T|‚Q,‚PKƒGƒ“ƒgƒ‰ƒ“ƒX,–³—Ώ‚Ε——p‰Β”\,ω‚έϋ^,13224
ξιs,ξι’†‰›φ‰€‘‡‘ΜηΩ,ξιs’·•τ‚P[‚P,‚PKƒƒr[,–³—Ώ‚Ε——p‰Β”\,ω‚έϋ^,13225
ξιs,ξι’·•τƒ”ƒFƒ‹ƒfƒBƒtƒB[ƒ‹ƒh,ξιs’·•τ‚R[‚P‚O[‚P,Η—““ΰ,–³—Ώ‚Ε——p‰Β”\,ω‚έϋ^,13225
Ό“‹s,Ό“‹sαQ‘‡x‰‡ƒZƒ“ƒ^[iƒtƒƒ“ƒhƒ[j,Ό“‹s“c–³’¬‚S|‚P‚V|‚P‚S,‚QK‹‹“’Ί,–³—Ώ‚Ε——p‰Β”\,ω‚έϋ^,13229
Ό“‹s,“c–³‘‡•ƒƒZƒ“ƒ^[,Ό“‹s“c–³’¬‚T|‚T|‚P‚Q,‚PK`‚RK,–³—Ώ‚Ε——p‰Β”\,ƒ{ƒgƒ‹ƒfƒBƒXƒyƒ“ƒT[^Eω‚έϋ^,13229
Ό“‹s,“c–³’΅Ι,Ό“‹s“μ’¬‚T|‚U|‚P‚R,‚PE‚QE‚RK,–³—Ώ‚Ε——p‰Β”\,ω‚έϋ^,13229
•δ’¬,•δ’¬•Ϋ’ƒZƒ“ƒ^[,Ό‘½–€S•δ’¬Ξ”¨‚P‚X‚V‚O,‚PE‚QKƒƒr[,–³—Ώ‚Ε——p‰Β”\,ω‚έϋ^,13303
•δ’¬,•δ’¬q‚Η‚ΰ‰Ζ’λx‰‡ƒZƒ“ƒ^[,Ό‘½–€S•δ’¬Ξ”¨‚P‚X‚V‚Q,‚PK,–³—Ώ‚Ε——p‰Β”\,ω‚έϋ^,13303
•δ’¬,’†‰›‘ΜηΩ,Ό‘½–€S•δ’¬‘εΞ”¨‚P‚X‚W‚X|‚P,Ω“ΰ,–³—Ώ‚Ε——p‰Β”\,ω‚έϋ^,13303
•δ’¬,³‹·RƒRƒ~ƒ…ƒjƒeƒBƒZƒ“ƒ^[,Ό‘½–€S•δ’¬‘ε“ρ–{–Ψ‚U‚V‚R[‚P,‚PKƒƒr[,–³—Ώ‚Ε——p‰Β”\,ω‚έϋ^,13303
•δ’¬,’·‰ƒRƒ~ƒ…ƒjƒeƒBƒZƒ“ƒ^[,Ό‘½–€S•δ’¬‘ε” ƒPθ‚P‚P‚W‚O,‚PKƒƒr[,–³—Ώ‚Ε——p‰Β”\,ω‚έϋ^,13303
•δ’¬,•‘ –μƒRƒ~ƒ…ƒjƒeƒBƒZƒ“ƒ^[,Ό‘½–€S•δ’¬‚ή‚³‚µ–μ‚P[‚Ti•δƒAƒp[ƒg‚Q‚V†“‚PKj,‚PKƒƒr[,–³—Ώ‚Ε——p‰Β”\,ω‚έϋ^,13303
“ϊ‚Μo’¬,‹³ηΟυ‰ο,“ϊ‚Μo’¬‘ε•½δ‚Q‚V‚W‚O,‚PK}‘Ω‘O,–³—Ώ‚Ε——p‰Β”\,ƒ{ƒgƒ‹ƒfƒBƒXƒyƒ“ƒT[^,13305
‰‘½–€’¬,‰‘½–€…‚Ζ—Ξ‚Μ‚Σ‚κ‚ ‚ΆΩ,Ό‘½–€S‰‘½–€’¬΄‚T,‚PKK’i‰Ί,–³—Ώ‚Ε——p‰Β”\,ƒ{ƒgƒ‹ƒfƒBƒXƒyƒ“ƒT[^,13308
